date_time_local,unixtime,pressure_station,pressure_sea,wind_dir,wind_dir_10s,wind_speed,wind_gust,relative_humidity,dew_point,temperature,windchill,humidex,visibility,health_index,cloud_cover_4,cloud_cover_8,cloud_cover_10,solar_radiation,max_air_temp_pst1hr,min_air_temp_pst1hr
"2023-04-19 20:00:00 EDT",1681948800,99.93,102.07,WNW,29,12,,54,-0.7,8.1,,,24100,,,8,,,8.5,7.6
"2023-04-19 19:00:00 EDT",1681945200,99.92,102.05,WNW,29,17,,53,-0.9,8.2,,,24100,,,7,,,9,8
"2023-04-19 18:00:00 EDT",1681941600,99.93,102.06,W,27,23,,51,-0.9,8.8,,,24100,,,7,,,9.6,8.6
"2023-04-19 17:00:00 EDT",1681938000,99.88,102.01,WNW,30,17,,47,-2,8.7,,,24100,,,8,,,9.5,8.1
"2023-04-19 16:00:00 EDT",1681934400,99.92,102.05,WNW,30,21,,48,-2.2,8.3,,,24100,,,6,,,9.1,6.7
"2023-04-19 15:00:00 EDT",1681930800,99.95,102.09,WNW,29,15,,53,-1.9,7,,,24100,,,7,,,7,5.2
"2023-04-19 14:00:00 EDT",1681927200,99.97,102.11,W,27,16,27,55,-2.7,5.7,,,24100,,,7,,,5.9,4.3
"2023-04-19 13:00:00 EDT",1681923600,99.98,102.12,WNW,29,14,32,60,-2.2,5,,,24100,,,8,,,5.1,3.3
"2023-04-19 12:00:00 EDT",1681920000,99.98,102.12,W,28,24,,58,-4,3.5,,,24100,,,7,,,3.6,2.6
"2023-04-19 11:00:00 EDT",1681916400,99.96,102.1,WNW,29,21,33,56,-5.2,2.7,,,24100,,,7,,,3.2,1.6
"2023-04-19 10:00:00 EDT",1681912800,99.91,102.06,WNW,30,26,,56,-6.1,1.7,,,24100,,,7,,,1.9,1
"2023-04-19 09:00:00 EDT",1681909200,99.83,101.97,NW,32,30,44,57,-5.6,2,,,24100,,,7,,,2,0.8
"2023-04-19 08:00:00 EDT",1681905600,99.75,101.89,NW,31,32,,61,-5.7,1,,,24100,,,8,,,1.2,0.8
"2023-04-19 07:00:00 EDT",1681902000,99.58,101.72,WNW,30,23,32,68,-4.2,1,,,24100,,,8,,,1,0.8
"2023-04-19 06:00:00 EDT",1681898400,99.51,101.65,WNW,29,33,,71,-3.7,0.9,,,24100,,,8,,,1.7,0.9
"2023-04-19 05:00:00 EDT",1681894800,99.43,101.56,WNW,29,28,,72,-2.9,1.6,,,24100,,,8,,,1.6,1.2
"2023-04-19 04:00:00 EDT",1681891200,99.37,101.5,W,28,22,31,79,-1.8,1.4,,,24100,,,8,,,1.7,1.3
"2023-04-19 03:00:00 EDT",1681887600,99.36,101.49,WNW,29,22,36,76,-2.1,1.6,,,24100,,,8,,,2.1,1.2
"2023-04-19 02:00:00 EDT",1681884000,99.33,101.46,NW,31,23,40,78,-1.5,2,,,24100,,,8,,,2.3,1.9
"2023-04-19 01:00:00 EDT",1681880400,99.28,101.41,WNW,29,26,,69,-2.8,2.3,,,24100,,,8,,,2.3,2.1
"2023-04-19 00:00:00 EDT",1681876800,99.22,101.35,W,28,22,34,70,-2.8,2.1,,,24100,,,8,,,2.3,2.1
"2023-04-18 23:00:00 EDT",1681873200,99.21,101.34,WNW,28,16,30,75,-1.8,2.2,,,24100,,,8,,,2.5,2.2
"2023-04-18 22:00:00 EDT",1681869600,99.17,101.3,W,27,20,,69,-2.8,2.3,,,24100,,,8,,,2.5,2.2
"2023-04-18 21:00:00 EDT",1681866000,99.1,101.23,W,27,24,35,74,-1.9,2.2,,,24100,,,8,,,2.5,2.2
"2023-04-18 20:00:00 EDT",1681862400,99.01,101.13,W,27,27,,68,-2.9,2.4,,,24100,,,8,,,2.6,2.4
"2023-04-18 19:00:00 EDT",1681858800,98.94,101.06,W,26,35,,73,-1.8,2.5,,,24100,,,8,,,4.2,2.1
"2023-04-18 18:00:00 EDT",1681855200,98.82,100.94,W,28,32,51,63,-2.6,3.8,,,24100,,,8,,,4.2,3.3
"2023-04-18 17:00:00 EDT",1681851600,98.79,100.91,W,27,23,,86,1.1,3.2,,,19300,,,7,,,5.2,0.5
"2023-04-18 16:00:00 EDT",1681848000,98.73,100.85,W,28,30,41,68,-1,4.4,,,24100,,,6,,,4.7,0.5
"2023-04-18 15:00:00 EDT",1681844400,98.67,100.78,WSW,25,37,47,75,0,4.1,,,24100,,,8,,,4.7,2.3
"2023-04-18 14:00:00 EDT",1681840800,98.63,100.75,WNW,29,31,,71,-1.9,2.9,,,24100,,,8,,,4.2,2.9
"2023-04-18 13:00:00 EDT",1681837200,98.54,100.65,W,27,28,42,63,-2.8,3.7,,,24100,,,8,,,3.9,3.2
"2023-04-18 12:00:00 EDT",1681833600,98.47,100.58,W,28,32,42,63,-2.2,4.1,,,24100,,,8,,,5.7,4
"2023-04-18 11:00:00 EDT",1681830000,98.42,100.53,W,27,34,,64,-2.3,3.9,,,24100,,,8,,,3.9,3.1
"2023-04-18 10:00:00 EDT",1681826400,98.32,100.43,W,28,34,,68,-2.2,3.2,,,24100,,,8,,,3.8,3.2
"2023-04-18 09:00:00 EDT",1681822800,98.31,100.42,W,27,35,44,67,-2.2,3.2,,,24100,,,7,,,3.2,2.8
"2023-04-18 08:00:00 EDT",1681819200,98.26,100.37,W,27,20,36,72,-1.6,2.9,,,24100,,,7,,,2.9,2.4
"2023-04-18 07:00:00 EDT",1681815600,98.16,100.27,W,26,26,,78,-1,2.4,,,24100,,,7,,,2.7,2.2
"2023-04-18 06:00:00 EDT",1681812000,98.06,100.16,WSW,25,28,40,85,0.2,2.5,,,24100,,,7,,,2.7,2.5
"2023-04-18 05:00:00 EDT",1681808400,98.04,100.14,WSW,25,25,,86,0.4,2.5,,,24100,,,7,,,2.8,2.5
"2023-04-18 04:00:00 EDT",1681804800,98.02,100.12,WSW,24,30,,85,0.1,2.4,,,24100,,,7,,,2.7,2.2
"2023-04-18 03:00:00 EDT",1681801200,97.99,100.09,SW,23,34,47,77,-0.9,2.6,,,24100,,,7,,,2.9,2.6
"2023-04-18 02:00:00 EDT",1681797600,98.05,100.15,SW,23,27,37,76,-1.1,2.8,,,24100,,,7,,,3.1,2.3
"2023-04-18 01:00:00 EDT",1681794000,98.07,100.17,WSW,24,22,34,79,-0.8,2.6,,,24100,,,4,,,3.1,2.6
"2023-04-18 00:00:00 EDT",1681790400,98.09,100.18,SW,22,16,,85,0.8,3.1,,,24100,,,8,,,3.2,2.9
"2023-04-17 23:00:00 EDT",1681786800,98.1,100.19,SW,24,21,33,83,0.6,3.2,,,24100,,,7,,,3.6,3.2
"2023-04-17 22:00:00 EDT",1681783200,98.1,100.19,WSW,26,23,,88,1.8,3.6,,,24100,,,8,,,4,3.5
"2023-04-17 21:00:00 EDT",1681779600,98.08,100.17,SW,22,16,,87,1.6,3.5,,,24100,,,8,,,3.5,3.3
"2023-04-17 20:00:00 EDT",1681776000,98.04,100.13,SW,22,25,41,89,1.8,3.4,,,24100,,,7,,,3.5,3
"2023-04-17 19:00:00 EDT",1681772400,98.02,100.11,SW,22,24,39,100,3.2,3.2,,,16100,,,8,,,4.5,3.1
"2023-04-17 18:00:00 EDT",1681768800,97.96,100.05,SSW,21,30,44,78,0.7,4.3,,,24100,,,8,,,4.8,3.9
"2023-04-17 17:00:00 EDT",1681765200,97.98,100.07,SW,22,27,,93,3.6,4.5,,,24100,,,8,,,4.8,3.9
"2023-04-17 16:00:00 EDT",1681761600,97.97,100.06,SW,23,28,46,91,2.9,4.3,,,16100,,,8,,,7.4,4.2
"2023-04-17 15:00:00 EDT",1681758000,97.94,100.02,SW,22,33,53,62,0,6.7,,,24100,,,8,,,7.4,6.5
"2023-04-17 14:00:00 EDT",1681754400,97.95,100.03,SSW,21,26,38,88,4.6,6.5,,,24100,,,8,,,7.7,6.1
"2023-04-17 13:00:00 EDT",1681750800,97.95,100.03,SSW,19,22,33,72,2.9,7.6,,,24100,,,8,,,8.8,6.6
"2023-04-17 12:00:00 EDT",1681747200,97.97,100.04,SSE,16,24,33,73,3.4,7.9,,,24100,,,8,,,8.8,7.4
"2023-04-17 11:00:00 EDT",1681743600,98.02,100.09,S,17,19,31,72,3.2,8,,,24100,,,8,,,8.5,7.5
"2023-04-17 10:00:00 EDT",1681740000,98.08,100.15,S,19,19,30,61,1.4,8.4,,,24100,,,7,,,8.7,7.9
"2023-04-17 09:00:00 EDT",1681736400,98.12,100.19,SSW,21,18,30,62,1.4,8.1,,,24100,,,7,,,8.1,7.5
"2023-04-17 08:00:00 EDT",1681732800,98.09,100.15,SW,21,16,,67,2,7.7,,,24100,,,7,,,7.7,7.1
"2023-04-17 07:00:00 EDT",1681729200,98.09,100.15,SW,22,18,,71,2.2,7.1,,,24100,,,7,,,7.1,6.5
"2023-04-17 06:00:00 EDT",1681725600,98.1,100.16,SW,24,14,,71,2,6.8,,,24100,,,5,,,7,6.3
"2023-04-17 05:00:00 EDT",1681722000,98.16,100.22,WSW,24,17,29,71,1.9,6.7,,,24100,,,2,,,7.9,6.7
"2023-04-17 04:00:00 EDT",1681718400,98.18,100.23,WSW,25,35,45,64,1.5,7.9,,,24100,,,6,,,8.7,7.9
"2023-04-17 03:00:00 EDT",1681714800,98.21,100.26,SW,23,30,48,71,3.8,8.7,,,24100,,,8,,,9.3,8.6
"2023-04-17 02:00:00 EDT",1681711200,98.25,100.31,WSW,24,34,50,78,5.7,9.4,,,24100,,,8,,,11.1,9.4
"2023-04-17 01:00:00 EDT",1681707600,98.15,100.2,SW,22,20,,90,9.6,11.1,,,24100,,,8,,,12.4,11.1
"2023-04-17 00:00:00 EDT",1681704000,98.18,100.22,WSW,24,25,43,90,10.3,11.8,,,19300,,,8,,,13.5,11.8
"2023-04-16 23:00:00 EDT",1681700400,98.15,100.2,SW,22,27,40,100,13.2,13.2,,,19300,,,8,,,13.6,13.2
"2023-04-16 22:00:00 EDT",1681696800,98.06,100.12,WSW,25,30,54,100,13.6,13.6,,,19300,,,8,,,16,13.6
"2023-04-16 21:00:00 EDT",1681693200,97.95,99.99,WSW,24,20,,100,15.4,15.4,,,24100,,,8,,,21.6,14.1
"2023-04-16 20:00:00 EDT",1681689600,97.8,99.83,SE,14,15,,56,10.6,19.4,,,24100,,,7,,,21.7,19.3
"2023-04-16 19:00:00 EDT",1681686000,97.85,99.89,E,9,22,,53,11.7,21.6,,,24100,,,8,,,22,21.6
"2023-04-16 18:00:00 EDT",1681682400,97.97,100.01,E,8,23,,45,9.8,22,,,24100,,,8,,,23.6,22
"2023-04-16 17:00:00 EDT",1681678800,98.07,100.11,ESE,10,18,28,43,10.4,23.6,,25,24100,,,2,,,24.5,23.3
"2023-04-16 16:00:00 EDT",1681675200,98.21,100.25,ESE,12,14,,47,11.5,23.3,,25,24100,,,4,,,23.8,22.6
"2023-04-16 15:00:00 EDT",1681671600,98.36,100.4,SE,13,13,,54,12.9,22.7,,25,24100,,,6,,,23.4,21.6
"2023-04-16 14:00:00 EDT",1681668000,98.42,100.46,ESE,12,14,,50,11,21.6,,,24100,,,3,,,22.2,20.5
"2023-04-16 13:00:00 EDT",1681664400,98.5,100.54,ESE,12,14,,47,9.3,20.8,,,24100,,,1,,,21.3,20.2
"2023-04-16 12:00:00 EDT",1681660800,98.58,100.63,S,17,14,,43,7.8,20.7,,,24100,,,1,,,20.7,17.9
"2023-04-16 11:00:00 EDT",1681657200,98.63,100.69,SE,13,9,,56,9.2,17.9,,,24100,,,1,,,17.9,14.7
"2023-04-16 10:00:00 EDT",1681653600,98.66,100.72,SE,14,10,,64,8,14.8,,,24100,,,1,,,18.2,14.3
"2023-04-16 09:00:00 EDT",1681650000,98.67,100.72,E,8,6,,55,8.4,17.5,,,24100,,,1,,,17.5,14.7
"2023-04-16 08:00:00 EDT",1681646400,98.71,100.77,NE,4,10,,68,9,14.7,,,24100,,,0,,,15,12.4
"2023-04-16 07:00:00 EDT",1681642800,98.77,100.83,WNW,28,8,,71,7.1,12.3,,,24100,,,1,,,12.4,11.5
"2023-04-16 06:00:00 EDT",1681639200,98.81,100.87,SSE,16,12,,69,6.8,12.3,,,24100,,,0,,,13.2,12.2
"2023-04-16 05:00:00 EDT",1681635600,98.7,100.76,SE,13,9,,62,5.8,13,,,24100,,,1,,,15.1,12.9
"2023-04-16 04:00:00 EDT",1681632000,98.73,100.79,SW,24,3,,66,6.8,12.9,,,24100,,,1,,,16.2,12.8
"2023-04-16 03:00:00 EDT",1681628400,98.73,100.78,NNE,2,4,,51,6.1,16.2,,,24100,,,2,,,17.4,16
"2023-04-16 02:00:00 EDT",1681624800,98.8,100.84,N,36,7,,48,5.8,16.9,,,24100,,,2,,,17.8,16.6
"2023-04-16 01:00:00 EDT",1681621200,98.87,100.92,WNW,30,5,,46,5.9,17.6,,,24100,,,3,,,17.6,15.3
"2023-04-16 00:00:00 EDT",1681617600,98.9,100.96,WSW,24,9,,53,6.4,15.9,,,24100,,,4,,,17.9,14.5
"2023-04-15 23:00:00 EDT",1681614000,98.71,100.76,S,18,6,,45,5.9,17.9,,,24100,,,0,,,18.9,17.3
"2023-04-15 22:00:00 EDT",1681610400,98.77,100.82,ESE,12,4,,41,5.7,18.9,,,24100,,,3,,,19.5,18.6
"2023-04-15 21:00:00 EDT",1681606800,98.85,100.91,SSE,15,9,,41,6.2,19.6,,,24100,,,5,,,21,19.5
"2023-04-15 20:00:00 EDT",1681603200,98.84,100.9,SE,14,4,,37,6.2,21.2,,,24100,,,6,,,23.1,21.1
"2023-04-15 19:00:00 EDT",1681599600,98.83,100.89,SSE,16,8,,33,6.4,23.1,,,24100,,,5,,,24.1,23.1
"2023-04-15 18:00:00 EDT",1681596000,98.81,100.87,SSE,16,10,,28,4.6,24.1,,,24100,,,3,,,24.1,23.2
"2023-04-15 17:00:00 EDT",1681592400,98.8,100.86,SE,14,7,,34,6.5,23.1,,,24100,,,4,,,23.2,21
"2023-04-15 16:00:00 EDT",1681588800,98.84,100.9,SSE,15,11,,38,6.4,21.2,,,24100,,,5,,,21.9,20.8
"2023-04-15 15:00:00 EDT",1681585200,98.89,100.95,SSE,17,16,,39,7.2,21.7,,,24100,,,6,,,23.2,21.2
"2023-04-15 14:00:00 EDT",1681581600,98.89,100.95,SSE,16,12,,40,8.5,22.7,,,24100,,,6,,,23.8,21.9
"2023-04-15 13:00:00 EDT",1681578000,98.95,101.01,SSW,20,6,,39,7.6,22,,,24100,,,6,,,22,20.1
"2023-04-15 12:00:00 EDT",1681574400,99,101.06,SE,14,16,,40,7.4,21.2,,,24100,,,6,,,22.4,20.5
"2023-04-15 11:00:00 EDT",1681570800,99,101.06,S,18,8,,43,7.6,20.5,,,24100,,,3,,,20.6,19.2
"2023-04-15 10:00:00 EDT",1681567200,99.04,101.1,NE,5,3,,48,7.9,19.1,,,24100,,,7,,,19.1,17.5
"2023-04-15 09:00:00 EDT",1681563600,99.05,101.12,N,36,1,,48,6.4,17.4,,,24100,,,7,,,17.4,16
"2023-04-15 08:00:00 EDT",1681560000,99,101.06,NNE,2,4,,52,6.6,16.4,,,24100,,,3,,,16.4,14
"2023-04-15 07:00:00 EDT",1681556400,98.96,101.02,N,36,5,,57,5.6,13.9,,,24100,,,3,,,13.9,12.6
"2023-04-15 06:00:00 EDT",1681552800,98.9,100.96,N,36,10,,59,5.5,13.4,,,24100,,,5,,,14.7,12.9
"2023-04-15 05:00:00 EDT",1681549200,98.93,100.98,NE,4,9,,56,5.6,14.3,,,24100,,,6,,,14.3,13.2
"2023-04-15 04:00:00 EDT",1681545600,98.95,101,NNE,2,13,,63,6.5,13.5,,,24100,,,5,,,15.5,13.5
"2023-04-15 03:00:00 EDT",1681542000,98.95,100.99,NNE,2,10,,55,6.5,15.3,,,24100,,,5,,,16.1,14.9
"2023-04-15 02:00:00 EDT",1681538400,98.97,101.01,NNE,2,7,,52,6.3,16.2,,,24100,,,4,,,16.4,14.7
"2023-04-15 01:00:00 EDT",1681534800,98.98,101.03,NW,31,7,,55,6.2,15.1,,,24100,,,4,,,15.8,14.6
"2023-04-15 00:00:00 EDT",1681531200,98.97,101.02,N,36,1,,53,6.1,15.6,,,24100,,,3,,,17.6,15.4
"2023-04-14 23:00:00 EDT",1681527600,98.94,100.98,SSE,15,7,,47,6.4,17.8,,,24100,,,3,,,18.5,17.7
"2023-04-14 22:00:00 EDT",1681524000,98.94,100.99,W,27,3,,43,5.5,18.1,,,24100,,,3,,,19,18.1
"2023-04-14 21:00:00 EDT",1681520400,98.92,100.98,SSE,15,5,,41,5.5,18.8,,,24100,,,3,,,20.6,18.6
"2023-04-14 20:00:00 EDT",1681516800,98.88,100.94,SE,14,9,,39,6.2,20.5,,,24100,,,5,,,23.5,20.5
"2023-04-14 19:00:00 EDT",1681513200,98.89,100.95,SSE,15,13,,31,5.8,23.6,,,24100,,,4,,,25.6,23.5
"2023-04-14 18:00:00 EDT",1681509600,98.9,100.94,SSE,15,18,,27,5.5,25.8,,25,24100,,,3,,,26.3,25.5
"2023-04-14 17:00:00 EDT",1681506000,98.92,100.96,SE,14,20,,27,6.2,26.4,,26,24100,,,2,,,26.8,26.3
"2023-04-14 16:00:00 EDT",1681502400,98.96,101.01,SSE,16,20,30,26,5.6,26.6,,26,24100,,,1,,,26.8,26.1
"2023-04-14 15:00:00 EDT",1681498800,98.99,101.04,SSE,15,16,29,28,6.8,26.5,,26,24100,,,1,,,26.9,26.1
"2023-04-14 14:00:00 EDT",1681495200,99.01,101.05,SSE,16,19,,27,6.5,26.6,,26,24100,,,1,,,26.7,24.9
"2023-04-14 13:00:00 EDT",1681491600,99.05,101.11,SSE,16,19,,29,6.2,25,,25,24100,,,1,,,25.7,24.2
"2023-04-14 12:00:00 EDT",1681488000,99.1,101.15,SSE,15,14,,34,8.5,25.5,,26,24100,,,1,,,26.8,25.1
"2023-04-14 11:00:00 EDT",1681484400,99.11,101.16,NW,31,7,,28,5.2,25,,,24100,,,1,,,25.1,22.2
"2023-04-14 10:00:00 EDT",1681480800,99.13,101.18,NNW,35,5,,34,5.9,22.3,,,24100,,,1,,,22.3,18.9
"2023-04-14 09:00:00 EDT",1681477200,99.16,101.22,WNW,29,7,,43,6.3,18.9,,,24100,,,1,,,18.9,16.4
"2023-04-14 08:00:00 EDT",1681473600,99.14,101.2,NNW,34,6,,52,7.5,17.2,,,24100,,,2,,,17.2,14.6
"2023-04-14 07:00:00 EDT",1681470000,99.09,101.14,W,27,4,,52,5.5,15.3,,,24100,,,2,,,15.9,14.5
"2023-04-14 06:00:00 EDT",1681466400,99.06,101.1,NW,31,7,,55,6,15,,,24100,,,1,,,15.2,14
"2023-04-14 05:00:00 EDT",1681462800,99.04,101.08,WNW,29,9,,57,6.4,14.8,,,24100,,,0,,,15.1,13.1
"2023-04-14 04:00:00 EDT",1681459200,99.02,101.06,W,28,9,,60,6.8,14.4,,,24100,,,1,,,15.8,14.1
"2023-04-14 03:00:00 EDT",1681455600,99.02,101.06,WNW,29,8,,58,6.8,14.9,,,24100,,,0,,,16.4,14.9
"2023-04-14 02:00:00 EDT",1681452000,99.05,101.09,W,28,7,,56,7.4,16,,,24100,,,0,,,16.7,15.3
"2023-04-14 01:00:00 EDT",1681448400,99.06,101.11,W,27,8,,57,7.3,15.7,,,24100,,,0,,,17,15
"2023-04-14 00:00:00 EDT",1681444800,99.04,101.08,W,26,10,,54,7.6,16.9,,,24100,,,1,,,17.8,16.5
"2023-04-13 23:00:00 EDT",1681441200,99.03,101.07,WSW,25,16,,51,8,18.1,,,24100,,,0,,,20.1,17.9
"2023-04-13 22:00:00 EDT",1681437600,99,101.05,WSW,24,17,,46,8,19.9,,,24100,,,0,,,22.2,19.9
"2023-04-13 21:00:00 EDT",1681434000,98.93,100.97,SW,23,16,,40,8,22.1,,,24100,,,1,,,24.3,22.1
"2023-04-13 20:00:00 EDT",1681430400,98.84,100.88,SW,23,22,,36,8.1,23.8,,,24100,,,1,,,26.8,23.8
"2023-04-13 19:00:00 EDT",1681426800,98.78,100.82,WSW,24,24,,28,6.8,26.7,,27,24100,,,1,,,28.3,26.6
"2023-04-13 18:00:00 EDT",1681423200,98.76,100.8,W,26,28,,30,9.2,28.4,,29,24100,,,1,,,29,28.3
"2023-04-13 17:00:00 EDT",1681419600,98.77,100.81,WSW,24,27,39,28,9,28.9,,30,24100,,,0,,,29.4,28.6
"2023-04-13 16:00:00 EDT",1681416000,98.81,100.85,SW,24,31,42,29,9.4,29,,30,24100,,,1,,,29.4,28.7
"2023-04-13 15:00:00 EDT",1681412400,98.85,100.89,SW,23,27,37,31,10.1,28.6,,30,24100,,,0,,,28.9,27.8
"2023-04-13 14:00:00 EDT",1681408800,98.91,100.95,WSW,25,17,29,37,12.2,28,,30,24100,,,0,,,28.3,26.6
"2023-04-13 13:00:00 EDT",1681405200,98.93,100.97,SW,22,20,,36,10.7,26.8,,28,24100,,,0,,,27.6,25.4
"2023-04-13 12:00:00 EDT",1681401600,98.96,101,W,28,24,,37,9.9,25.6,,27,24100,,,0,,,25.7,23.9
"2023-04-13 11:00:00 EDT",1681398000,98.98,101.02,W,27,20,31,38,9,24.1,,25,24100,,,0,,,24.1,21.8
"2023-04-13 10:00:00 EDT",1681394400,98.98,101.02,W,28,31,,41,8.3,21.9,,,24100,,,0,,,22,19.9
"2023-04-13 09:00:00 EDT",1681390800,98.98,101.03,W,26,24,34,45,7.6,19.9,,,24100,,,0,,,19.9,16.9
"2023-04-13 08:00:00 EDT",1681387200,98.95,101.01,W,27,22,,54,7.6,16.8,,,24100,,,0,,,16.8,14.5
"2023-04-13 07:00:00 EDT",1681383600,98.94,101,W,26,7,,62,7.6,14.8,,,24100,,,0,,,14.8,13.4
"2023-04-13 06:00:00 EDT",1681380000,98.88,100.93,WSW,24,13,,66,7.8,14.1,,,24100,,,0,,,14.3,13.4
"2023-04-13 05:00:00 EDT",1681376400,98.85,100.9,WSW,25,16,,69,7.8,13.4,,,24100,,,0,,,15.7,13.4
"2023-04-13 04:00:00 EDT",1681372800,98.87,100.91,SW,24,13,,62,7.8,14.9,,,24100,,,0,,,15.8,14.6
"2023-04-13 03:00:00 EDT",1681369200,98.88,100.92,WSW,25,9,,60,7.7,15.3,,,24100,,,0,,,16.2,14.9
"2023-04-13 02:00:00 EDT",1681365600,98.87,100.91,WSW,25,11,,61,8.3,15.7,,,24100,,,0,,,17.6,15.2
"2023-04-13 01:00:00 EDT",1681362000,98.85,100.89,SW,22,14,,55,8.6,17.6,,,24100,,,0,,,18.2,17.5
"2023-04-13 00:00:00 EDT",1681358400,98.84,100.88,SW,23,17,,54,8.8,18.1,,,24100,,,0,,,18.9,17.6
"2023-04-12 23:00:00 EDT",1681354800,98.86,100.9,SW,22,14,,51,8.8,18.9,,,24100,,,0,,,19.9,18.9
"2023-04-12 22:00:00 EDT",1681351200,98.84,100.89,SW,22,10,,48,8.7,19.9,,,24100,,,0,,,21.4,19.9
"2023-04-12 21:00:00 EDT",1681347600,98.79,100.85,SSW,21,16,,44,8.7,21.4,,,24100,,,0,,,22.8,21.2
"2023-04-12 20:00:00 EDT",1681344000,98.74,100.8,SSW,21,23,,40,8.7,22.8,,,24100,,,0,,,24.9,22.7
"2023-04-12 19:00:00 EDT",1681340400,98.72,100.77,WSW,25,32,,33,7.5,24.9,,25,24100,,,0,,,25.8,24.8
"2023-04-12 18:00:00 EDT",1681336800,98.75,100.8,W,27,39,55,32,8.1,25.8,,26,24100,,,1,,,26.3,25.7
"2023-04-12 17:00:00 EDT",1681333200,98.79,100.83,WSW,26,41,,32,8.3,26.2,,27,24100,,,1,,,26.6,26
"2023-04-12 16:00:00 EDT",1681329600,98.83,100.88,W,26,43,58,32,8.6,26.3,,27,24100,,,1,,,26.5,26
"2023-04-12 15:00:00 EDT",1681326000,98.86,100.91,WSW,25,36,49,36,10,26,,27,24100,,,1,,,26.7,25.9
"2023-04-12 14:00:00 EDT",1681322400,98.91,100.96,W,27,33,49,35,9.7,26,,27,24100,,,2,,,26.4,24.7
"2023-04-12 13:00:00 EDT",1681318800,99.01,101.07,WSW,25,26,38,38,9.9,25,,26,24100,,,1,,,25,23.4
"2023-04-12 12:00:00 EDT",1681315200,99.06,101.12,WSW,24,26,35,40,9.3,23.7,,25,24100,,,0,,,23.7,21.3
"2023-04-12 11:00:00 EDT",1681311600,99.1,101.16,WSW,26,19,,44,8.9,21.5,,,24100,,,1,,,21.5,19
"2023-04-12 10:00:00 EDT",1681308000,99.12,101.18,W,28,16,,47,7.5,19,,,24100,,,2,,,19.1,16.2
"2023-04-12 09:00:00 EDT",1681304400,99.21,101.28,WSW,24,10,,55,7.2,16.1,,,24100,,,2,,,16.1,13.7
"2023-04-12 08:00:00 EDT",1681300800,99.22,101.29,WSW,25,10,,63,7,13.7,,,24100,,,7,,,14,12.9
"2023-04-12 07:00:00 EDT",1681297200,99.22,101.29,SW,23,13,,61,5.9,13.3,,,24100,,,6,,,13.3,12.2
"2023-04-12 06:00:00 EDT",1681293600,99.24,101.31,SW,22,6,,59,5.3,13,,,24100,,,7,,,13.4,12.1
"2023-04-12 05:00:00 EDT",1681290000,99.24,101.31,WNW,30,9,,59,5.4,13.2,,,24100,,,7,,,13.4,11.9
"2023-04-12 04:00:00 EDT",1681286400,99.24,101.31,WNW,30,8,,59,5.4,13.2,,,24100,,,7,,,14.8,13.2
"2023-04-12 03:00:00 EDT",1681282800,99.28,101.35,NW,31,16,,58,5.7,13.6,,,24100,,,6,,,15,13.5
"2023-04-12 02:00:00 EDT",1681279200,99.34,101.41,W,28,17,,56,5.8,14.3,,,24100,,,7,,,15.5,13.9
"2023-04-12 01:00:00 EDT",1681275600,99.34,101.41,WNW,29,14,,52,5.5,15.3,,,24100,,,6,,,17.4,15.3
"2023-04-12 00:00:00 EDT",1681272000,99.37,101.44,WNW,29,14,,45,5.2,17.1,,,24100,,,6,,,18.2,17.1
"2023-04-11 23:00:00 EDT",1681268400,99.35,101.42,W,28,32,43,41,4.8,18.2,,,24100,,,7,,,18.9,18.1
"2023-04-11 22:00:00 EDT",1681264800,99.32,101.4,W,27,31,46,41,5.2,18.7,,,24100,,,6,,,19,18.4
"2023-04-11 21:00:00 EDT",1681261200,99.31,101.39,W,26,32,46,43,6.2,19.1,,,24100,,,7,,,20,18.9
"2023-04-11 20:00:00 EDT",1681257600,99.28,101.36,W,26,30,49,41,6.3,19.9,,,24100,,,8,,,20.8,19.8
"2023-04-11 19:00:00 EDT",1681254000,99.32,101.4,W,27,39,53,37,5.7,20.8,,,24100,,,8,,,21.2,20.8
"2023-04-11 18:00:00 EDT",1681250400,99.32,101.4,W,28,38,49,35,5,20.9,,,24100,,,8,,,21,20.8
"2023-04-11 17:00:00 EDT",1681246800,99.36,101.44,W,27,41,58,33,4.5,21,,,24100,,,8,,,21.5,21
"2023-04-11 16:00:00 EDT",1681243200,99.38,101.47,W,28,34,55,36,5.4,21,,,24100,,,8,,,21.9,20.8
"2023-04-11 15:00:00 EDT",1681239600,99.42,101.5,WNW,29,42,59,32,4.8,21.9,,,24100,,,8,,,23.5,21.6
"2023-04-11 14:00:00 EDT",1681236000,99.47,101.55,W,27,40,59,34,6.9,23.5,,,19300,,,7,,,23.8,21.8
"2023-04-11 13:00:00 EDT",1681232400,99.54,101.62,W,26,49,63,33,6,23,,,19300,,,7,,,23,21.2
"2023-04-11 12:00:00 EDT",1681228800,99.62,101.7,W,26,35,,34,4.8,21.1,,,24100,,,5,,,21.1,18.4
"2023-04-11 11:00:00 EDT",1681225200,99.69,101.78,W,27,29,41,37,3.5,18.3,,,24100,,,6,,,18.3,15.1
"2023-04-11 10:00:00 EDT",1681221600,99.78,101.87,WSW,26,29,,38,0.8,15,,,24100,,,6,,,15.1,11.2
"2023-04-11 09:00:00 EDT",1681218000,99.86,101.96,WSW,25,27,,45,-0.4,11.2,,,24100,,,7,,,11.2,9.8
"2023-04-11 08:00:00 EDT",1681214400,99.92,102.02,WSW,26,23,,46,-1.2,9.7,,,24100,,,6,,,9.7,8.3
"2023-04-11 07:00:00 EDT",1681210800,99.95,102.05,WSW,25,20,30,49,-1.5,8.6,,,24100,,,6,,,8.7,8.3
"2023-04-11 06:00:00 EDT",1681207200,99.96,102.06,WSW,26,20,,48,-1.9,8.4,,,24100,,,5,,,8.7,8.2
"2023-04-11 05:00:00 EDT",1681203600,99.99,102.09,WSW,25,17,,50,-1.6,8.2,,,24100,,,2,,,8.6,7.8
"2023-04-11 04:00:00 EDT",1681200000,100.02,102.12,WSW,25,13,,52,-1.3,8,,,24100,,,0,,,9.7,8
"2023-04-11 03:00:00 EDT",1681196400,100.1,102.2,SW,23,7,,43,-2.3,9.5,,,24100,,,3,,,9.8,9.2
"2023-04-11 02:00:00 EDT",1681192800,100.18,102.28,SW,23,9,,48,-1.1,9.4,,,24100,,,1,,,10.9,8.8
"2023-04-11 01:00:00 EDT",1681189200,100.21,102.31,SW,23,9,,42,-1.4,10.9,,,24100,,,1,,,11.5,10.5
"2023-04-11 00:00:00 EDT",1681185600,100.27,102.38,SW,23,11,,44,-0.5,11.2,,,24100,,,1,,,12.2,10.6
"2023-04-10 23:00:00 EDT",1681182000,100.36,102.47,SW,23,14,,45,0.5,12.1,,,24100,,,1,,,13.1,11.9
"2023-04-10 22:00:00 EDT",1681178400,100.42,102.53,WSW,24,18,27,45,1.3,13,,,24100,,,1,,,14.5,13
"2023-04-10 21:00:00 EDT",1681174800,100.42,102.54,WSW,24,18,,41,1.3,14.3,,,24100,,,1,,,16.5,14.3
"2023-04-10 20:00:00 EDT",1681171200,100.38,102.5,SW,22,13,,38,1.2,15.2,,,24100,,,2,,,17.7,14.8
"2023-04-10 19:00:00 EDT",1681167600,100.38,102.5,WSW,25,22,,35,2,17.5,,,24100,,,1,,,19,17.5
"2023-04-10 18:00:00 EDT",1681164000,100.41,102.53,SW,23,18,,31,1.1,18.6,,,24100,,,6,,,19.2,18.6
"2023-04-10 17:00:00 EDT",1681160400,100.46,102.58,W,27,23,,31,1.6,19.1,,,24100,,,7,,,19.9,19.1
"2023-04-10 16:00:00 EDT",1681156800,100.51,102.63,W,28,20,,29,1.6,19.8,,,24100,,,7,,,20.3,19.2
"2023-04-10 15:00:00 EDT",1681153200,100.58,102.7,WSW,25,13,27,31,1.8,19.4,,,24100,,,4,,,20.1,18.5
"2023-04-10 14:00:00 EDT",1681149600,100.64,102.76,SW,22,18,30,29,0.5,18.9,,,24100,,,3,,,19.3,17.9
"2023-04-10 13:00:00 EDT",1681146000,100.75,102.87,WSW,25,17,28,32,1.1,17.8,,,24100,,,3,,,18.2,16.1
"2023-04-10 12:00:00 EDT",1681142400,100.84,102.97,WSW,24,11,,37,1.7,16.1,,,24100,,,2,,,16.1,13.6
"2023-04-10 11:00:00 EDT",1681138800,100.88,103.01,SW,23,16,,42,0.9,13.5,,,24100,,,1,,,13.9,11.2
"2023-04-10 10:00:00 EDT",1681135200,100.92,103.06,SW,22,15,,49,1,11.2,,,24100,,,1,,,11.4,8.8
"2023-04-10 09:00:00 EDT",1681131600,100.96,103.11,SW,22,11,,55,0.4,8.9,,,24100,,,1,,,8.9,6.4
"2023-04-10 08:00:00 EDT",1681128000,100.95,103.1,SSW,21,10,,60,-0.8,6.5,,,24100,,,1,,,6.5,2.6
"2023-04-10 07:00:00 EDT",1681124400,100.92,103.07,WSW,24,8,,73,-1.7,2.7,,,24100,,,0,,,3.4,1.7
"2023-04-10 06:00:00 EDT",1681120800,100.88,103.03,WSW,23,8,,72,-1.9,2.6,,,24100,,,0,,,3.6,1.7
"2023-04-10 05:00:00 EDT",1681117200,100.88,103.03,SW,23,4,,73,-1,3.3,,,24100,,,0,,,4,3.1
"2023-04-10 04:00:00 EDT",1681113600,100.87,103.01,SSW,19,7,,68,-1.3,4,,,24100,,,0,,,4.7,3.4
"2023-04-10 03:00:00 EDT",1681110000,100.87,103.01,S,18,4,,64,-1.5,4.7,,,24100,,,0,,,5,4.2
"2023-04-10 02:00:00 EDT",1681106400,100.9,103.05,WSW,23,5,,61,-1.8,5,,,24100,,,0,,,5.4,4.9
"2023-04-10 01:00:00 EDT",1681102800,100.93,103.08,S,19,4,,59,-2.5,4.9,,,24100,,,0,,,5.4,4.9
"2023-04-10 00:00:00 EDT",1681099200,100.96,103.11,S,19,4,,56,-2.9,5,,,24100,,,0,,,5.3,4.9
"2023-04-09 23:00:00 EDT",1681095600,100.98,103.13,,36,2,,56,-3,5.2,,,24100,,,0,,,5.4,4.8
"2023-04-09 22:00:00 EDT",1681092000,101.02,103.18,SSW,19,3,,55,-3.3,5.1,,,24100,,,0,,,5.4,4.6
"2023-04-09 21:00:00 EDT",1681088400,101.01,103.17,SSE,16,4,,58,-2.6,4.8,,,24100,,,0,,,5.5,4.8
"2023-04-09 20:00:00 EDT",1681084800,101,103.16,S,17,10,,50,-4.1,5.5,,,24100,,,0,,,8,5.5
"2023-04-09 19:00:00 EDT",1681081200,101.05,103.21,SSE,16,15,,35,-6.3,8.1,,,24100,,,0,,,9.8,8.1
"2023-04-09 18:00:00 EDT",1681077600,101.09,103.25,SE,13,16,,28,-8.5,9.2,,,24100,,,0,,,9.9,9.2
"2023-04-09 17:00:00 EDT",1681074000,101.13,103.29,SSE,14,16,,29,-7.5,9.4,,,24100,,,0,,,10,9.3
"2023-04-09 16:00:00 EDT",1681070400,101.21,103.37,SE,14,10,,35,-4.9,9.8,,,24100,,,0,,,10.6,8.7
"2023-04-09 15:00:00 EDT",1681066800,101.27,103.43,SE,13,11,,41,-3.7,9,,,24100,,,0,,,9,7.6
"2023-04-09 14:00:00 EDT",1681063200,101.33,103.49,SE,14,13,,43,-4.1,7.7,,,24100,,,0,,,8.9,7
"2023-04-09 13:00:00 EDT",1681059600,101.36,103.52,SSE,15,9,,50,-2.2,7.4,,,24100,,,1,,,8.1,6.6
"2023-04-09 12:00:00 EDT",1681056000,101.4,103.56,ESE,11,10,,53,-1.9,7,,,24100,,,3,,,7.8,6
"2023-04-09 11:00:00 EDT",1681052400,101.41,103.57,SE,13,9,,56,-2,6.2,,,24100,,,2,,,6.7,4.3
"2023-04-09 10:00:00 EDT",1681048800,101.43,103.6,ENE,6,4,,67,-1.5,4.1,,,24100,,,1,,,4.4,2.8
"2023-04-09 09:00:00 EDT",1681045200,101.44,103.61,WNW,29,4,,77,-1.1,2.6,,,24100,,,1,,,2.9,0.9
"2023-04-09 08:00:00 EDT",1681041600,101.4,103.57,,36,1,,91,-0.3,1,,,24100,,,0,,,1,-0.6
"2023-04-09 07:00:00 EDT",1681038000,101.33,103.5,NNE,1,9,,97,-0.9,-0.5,-4,,24100,,,0,,,-0.1,-1
"2023-04-09 06:00:00 EDT",1681034400,101.25,103.42,NNW,34,11,,99,-0.6,-0.4,-4,,24100,,,0,,,0.2,-0.6
"2023-04-09 05:00:00 EDT",1681030800,101.2,103.37,NNW,33,10,,96,-0.3,0.2,,,24100,,,0,,,0.6,-0.3
"2023-04-09 04:00:00 EDT",1681027200,101.17,103.34,N,35,11,,90,-0.9,0.6,,,24100,,,0,,,1.8,0.5
"2023-04-09 03:00:00 EDT",1681023600,101.16,103.33,NNE,1,12,,74,-2.3,1.8,,,24100,,,0,,,4.1,1.8
"2023-04-09 02:00:00 EDT",1681020000,101.13,103.29,NNE,1,11,,65,-2.5,3.5,,,24100,,,7,,,4.1,3.5
"2023-04-09 01:00:00 EDT",1681016400,101.12,103.28,ENE,7,3,,61,-3,3.8,,,24100,,,8,,,4,3.3
"2023-04-09 00:00:00 EDT",1681012800,101.09,103.25,SSE,15,8,,67,-2,3.4,,,24100,,,8,,,4.3,3.4
"2023-04-08 23:00:00 EDT",1681009200,101.09,103.25,SE,12,4,,47,-5.9,4.4,,,24100,,,7,,,5.1,4.4
"2023-04-08 22:00:00 EDT",1681005600,101.05,103.21,,36,2,,31,-10.8,4.9,,,22500,,,7,,,4.9,3.9
"2023-04-08 21:00:00 EDT",1681002000,101.01,103.18,WSW,23,5,,33,-10.3,4.5,,,24100,,,7,,,4.5,4
"2023-04-08 20:00:00 EDT",1680998400,100.99,103.16,ESE,11,5,,38,-8.8,4.2,,,24100,,,7,,,4.5,4.1
"2023-04-08 19:00:00 EDT",1680994800,101,103.17,S,17,10,,36,-9.3,4.5,,,24100,,,7,,,5,4.1
"2023-04-08 18:00:00 EDT",1680991200,101.05,103.23,SSE,15,9,,42,-7,4.7,,,24100,,,7,,,6.1,4.7
"2023-04-08 17:00:00 EDT",1680987600,101.06,103.23,SE,13,13,,34,-8.8,6.1,,,24100,,,5,,,6.4,4.7
"2023-04-08 16:00:00 EDT",1680984000,101.12,103.29,SE,13,11,,34,-9.7,4.9,,,24100,,,5,,,5.8,4.3
"2023-04-08 15:00:00 EDT",1680980400,101.21,103.39,SSW,19,5,,39,-8.4,4.3,,,24100,,,7,,,4.7,3.5
"2023-04-08 14:00:00 EDT",1680976800,101.25,103.43,S,18,13,,45,-6.5,4.4,,,24100,,,8,,,4.8,3.2
"2023-04-08 13:00:00 EDT",1680973200,101.34,103.52,ESE,11,11,,41,-8.8,3.3,,,24100,,,7,,,4.2,2.8
"2023-04-08 12:00:00 EDT",1680969600,101.39,103.57,ESE,12,13,,43,-7.7,3.6,,,24100,,,5,,,3.6,2.7
"2023-04-08 11:00:00 EDT",1680966000,101.42,103.6,SE,14,12,,42,-9.1,2.6,,,24100,,,1,,,3.2,1.8
"2023-04-08 10:00:00 EDT",1680962400,101.46,103.64,SE,13,9,,45,-8.7,1.8,,,24100,,,0,,,2.2,0.1
"2023-04-08 09:00:00 EDT",1680958800,101.49,103.67,NNE,1,3,,60,-6.7,0.1,,,24100,,,0,,,0.2,-1.6
"2023-04-08 08:00:00 EDT",1680955200,101.47,103.65,N,0,9,,66,-7.1,-1.6,-5,,24100,,,0,,,-1.6,-3.4
"2023-04-08 07:00:00 EDT",1680951600,101.4,103.58,N,0,9,,72,-7.7,-3.3,-7,,24100,,,0,,,-3.2,-3.9
"2023-04-08 06:00:00 EDT",1680948000,101.39,103.57,NW,31,10,,74,-7.8,-3.9,-8,,24100,,,0,,,-2.8,-3.9
"2023-04-08 05:00:00 EDT",1680944400,101.35,103.53,NNW,34,10,,71,-7.8,-3.2,-7,,24100,,,0,,,-2.8,-3.6
"2023-04-08 04:00:00 EDT",1680940800,101.32,103.5,NW,32,9,,73,-7.4,-3.2,-7,,24100,,,0,,,-2.3,-3.4
"2023-04-08 03:00:00 EDT",1680937200,101.31,103.49,NNW,33,12,,70,-7,-2.3,-7,,24100,,,0,,,-1.7,-2.4
"2023-04-08 02:00:00 EDT",1680933600,101.28,103.46,NNW,34,19,,69,-6.7,-1.8,-7,,24100,,,0,,,-1.4,-2
"2023-04-08 01:00:00 EDT",1680930000,101.27,103.45,NNW,34,24,,67,-6.8,-1.4,-8,,24100,,,0,,,-0.8,-1.5
"2023-04-08 00:00:00 EDT",1680926400,101.26,103.44,NNW,34,23,,63,-7.2,-0.9,-7,,24100,,,0,,,-0.8,-1.3
"2023-04-07 23:00:00 EDT",1680922800,101.25,103.43,N,34,20,,63,-7,-0.9,-6,,24100,,,0,,,-0.1,-1
"2023-04-07 22:00:00 EDT",1680919200,101.22,103.4,N,35,22,,61,-6.6,0,-6,,24100,,,0,,,0.8,0
"2023-04-07 21:00:00 EDT",1680915600,101.15,103.33,N,35,20,,57,-6.8,0.8,,,24100,,,0,,,2.1,0.7
"2023-04-07 20:00:00 EDT",1680912000,101.08,103.25,N,0,18,,54,-6.2,2.2,,,24100,,,2,,,4.7,2.2
"2023-04-07 19:00:00 EDT",1680908400,101.07,103.24,WNW,29,26,,39,-8.3,4.6,,,24100,,,1,,,5.7,4.6
"2023-04-07 18:00:00 EDT",1680904800,101.03,103.19,WNW,29,21,31,39,-7.5,5.5,,,24100,,,2,,,6.1,5.3
"2023-04-07 17:00:00 EDT",1680901200,101.02,103.18,NW,32,22,36,37,-7.6,5.9,,,24100,,,3,,,6.5,5.2
"2023-04-07 16:00:00 EDT",1680897600,101.08,103.24,W,28,18,35,38,-7.8,5.4,,,24100,,,3,,,6.1,5.2
"2023-04-07 15:00:00 EDT",1680894000,101.15,103.31,NW,32,24,35,38,-7.8,5.6,,,24100,,,4,,,5.9,4.8
"2023-04-07 14:00:00 EDT",1680890400,101.18,103.34,WNW,29,14,36,42,-6.9,4.9,,,24100,,,3,,,5.6,4
"2023-04-07 13:00:00 EDT",1680886800,101.19,103.35,NW,32,16,37,40,-8,4.3,,,24100,,,3,,,4.8,2.8
"2023-04-07 12:00:00 EDT",1680883200,101.2,103.36,NW,30,32,,42,-8.4,3.4,,,24100,,,3,,,4.3,2.8
"2023-04-07 11:00:00 EDT",1680879600,101.22,103.38,NW,32,30,42,46,-7.8,2.8,,,24100,,,3,,,3.3,1.6
"2023-04-07 10:00:00 EDT",1680876000,101.18,103.34,NW,30,38,,47,-8.3,1.8,,,24100,,,3,,,2.1,0.9
"2023-04-07 09:00:00 EDT",1680872400,101.11,103.27,WNW,29,36,52,48,-8.8,1.1,,,24100,,,2,,,1.1,0.4
"2023-04-07 08:00:00 EDT",1680868800,101.05,103.21,NW,30,30,42,51,-8.5,0.4,,,24100,,,2,,,0.4,-0.2
"2023-04-07 07:00:00 EDT",1680865200,100.94,103.1,WNW,29,24,37,59,-7.1,-0.1,-6,,24100,,,2,,,0.1,-0.2
"2023-04-07 06:00:00 EDT",1680861600,100.88,103.03,WNW,30,23,,65,-5.8,0,-6,,24100,,,0,,,0.4,-0.1
"2023-04-07 05:00:00 EDT",1680858000,100.8,102.95,NNW,33,21,,84,-2.1,0.3,,,24100,,,1,,,2.6,0.3
"2023-04-07 04:00:00 EDT",1680854400,100.69,102.83,NW,31,23,,63,-3.7,2.7,,,24100,,,1,,,3.2,2.4
"2023-04-07 03:00:00 EDT",1680850800,100.58,102.72,W,27,19,28,65,-3.3,2.7,,,24100,,,0,,,3.7,2.6
"2023-04-07 02:00:00 EDT",1680847200,100.55,102.69,W,27,22,,60,-3.4,3.6,,,24100,,,1,,,4.7,3.6
"2023-04-07 01:00:00 EDT",1680843600,100.49,102.63,W,26,26,,56,-3.4,4.6,,,24100,,,1,,,5.2,4.4
"2023-04-07 00:00:00 EDT",1680840000,100.47,102.61,W,26,23,,52,-3.5,5.4,,,24100,,,0,,,5.8,4.8
"2023-04-06 23:00:00 EDT",1680836400,100.44,102.58,WSW,24,25,,52,-3.4,5.6,,,24100,,,1,,,6.4,5.5
"2023-04-06 22:00:00 EDT",1680832800,100.4,102.53,WSW,25,19,30,53,-2.8,6.1,,,24100,,,1,,,7.4,6.1
"2023-04-06 21:00:00 EDT",1680829200,100.32,102.45,WSW,25,28,,48,-3,7.4,,,24100,,,5,,,8,6.8
"2023-04-06 20:00:00 EDT",1680825600,100.26,102.39,W,26,23,39,45,-3.5,7.8,,,24100,,,7,,,8.8,7.8
"2023-04-06 19:00:00 EDT",1680822000,100.22,102.35,W,27,37,50,39,-4.5,8.7,,,24100,,,7,,,9.9,8.7
"2023-04-06 18:00:00 EDT",1680818400,100.14,102.27,W,28,36,48,36,-4.5,10.1,,,24100,,,8,,,11.1,9.7
"2023-04-06 17:00:00 EDT",1680814800,100.09,102.21,WSW,25,43,,40,-2.4,10.7,,,24100,,,8,,,12.5,10.7
"2023-04-06 16:00:00 EDT",1680811200,100.07,102.18,WSW,24,25,38,47,0.4,11.3,,,24100,,,7,,,11.9,10.3
"2023-04-06 15:00:00 EDT",1680807600,100.09,102.2,W,26,30,41,50,0.6,10.7,,,24100,,,8,,,11.4,10.3
"2023-04-06 14:00:00 EDT",1680804000,100.06,102.17,WSW,25,32,,48,0.4,10.8,,,24100,,,8,,,11,8.8
"2023-04-06 13:00:00 EDT",1680800400,100.08,102.19,WSW,25,25,34,56,0.9,9.1,,,24100,,,8,,,9.7,7.6
"2023-04-06 12:00:00 EDT",1680796800,100.09,102.21,WSW,24,23,37,63,1,7.7,,,24100,,,8,,,8,7.4
"2023-04-06 11:00:00 EDT",1680793200,100.01,102.14,WSW,25,27,39,64,1.5,7.9,,,24100,,,8,,,7.9,7.1
"2023-04-06 10:00:00 EDT",1680789600,99.98,102.11,W,26,26,43,72,3.4,8,,,24100,,,8,,,8,6.7
"2023-04-06 09:00:00 EDT",1680786000,99.93,102.06,WSW,25,31,,74,2.6,6.8,,,24100,,,7,,,7.5,5.8
"2023-04-06 08:00:00 EDT",1680782400,99.9,102.03,WSW,24,20,,84,3.4,5.8,,,24100,,,6,,,6.1,5.3
"2023-04-06 07:00:00 EDT",1680778800,99.8,101.93,WSW,25,17,,86,4,6.1,,,24100,,,6,,,6.4,5.5
"2023-04-06 06:00:00 EDT",1680775200,99.68,101.8,W,26,13,,82,2.7,5.4,,,24100,,,3,,,7.6,5.4
"2023-04-06 05:00:00 EDT",1680771600,99.57,101.69,W,27,28,39,68,2.2,7.7,,,24100,,,5,,,9.6,7.6
"2023-04-06 04:00:00 EDT",1680768000,99.38,101.49,WNW,29,29,39,63,3,9.7,,,24100,,,2,,,12.4,9.5
"2023-04-06 03:00:00 EDT",1680764400,99.25,101.35,WNW,28,26,43,55,3.3,12.1,,,24100,,,1,,,14.5,12
"2023-04-06 02:00:00 EDT",1680760800,99.11,101.21,SW,23,21,,100,14.5,14.5,,,24100,,,1,,,15,12.7
"2023-04-06 01:00:00 EDT",1680757200,99.05,101.15,SSW,20,15,,100,12.7,12.7,,,24100,,,8,,,12.7,9.3
"2023-04-06 00:00:00 EDT",1680753600,99.05,101.16,SSE,16,13,,100,9.4,9.4,,,8100,,,8,,,9.6,6.6
"2023-04-05 23:00:00 EDT",1680750000,99.07,101.18,S,17,3,,100,6.7,6.7,,,6400,,,7,,,7,5.2
"2023-04-05 22:00:00 EDT",1680746400,99.16,101.28,WNW,28,6,32,100,5.7,5.7,,,6400,,,8,,,5.7,4.1
"2023-04-05 21:00:00 EDT",1680742800,99.13,101.25,ESE,11,3,,100,4.8,4.8,,,6400,,,8,,,4.8,4
"2023-04-05 20:00:00 EDT",1680739200,99.11,101.23,ESE,10,3,,100,4,4,,,3200,,,6,,,5.8,4
"2023-04-05 19:00:00 EDT",1680735600,98.95,101.07,SE,13,18,34,100,5,5,,,4800,,,8,,,7.1,5
"2023-04-05 18:00:00 EDT",1680732000,99.07,101.18,S,17,18,,100,6.3,6.3,,,12900,,,8,,,7.1,5.8
"2023-04-05 17:00:00 EDT",1680728400,98.91,101.02,ESE,10,11,,100,6.7,6.7,,,19300,,,8,,,6.8,5.3
"2023-04-05 16:00:00 EDT",1680724800,99.15,101.27,W,26,10,,100,5.5,5.5,,,6400,,,8,,,6.8,4.9
"2023-04-05 15:00:00 EDT",1680721200,98.94,101.05,NE,3,14,,100,6.1,6.1,,,19300,,,8,,,6.1,4.6
"2023-04-05 14:00:00 EDT",1680717600,99,101.11,NNE,2,12,,100,4.7,4.7,,,16100,,,8,,,5,4
"2023-04-05 13:00:00 EDT",1680714000,99.02,101.13,ENE,6,5,,100,4.7,4.7,,,9700,,,8,,,6.2,3.8
"2023-04-05 12:00:00 EDT",1680710400,99.01,101.12,E,8,14,,100,3.9,3.9,,,16100,,,8,,,6.5,3.9
"2023-04-05 11:00:00 EDT",1680706800,99.03,101.14,E,10,19,,78,1.8,5.4,,,24100,,,8,,,6.5,5.1
"2023-04-05 10:00:00 EDT",1680703200,99.17,101.28,E,9,16,30,86,3,5.2,,,24100,,,8,,,5.3,4.2
"2023-04-05 09:00:00 EDT",1680699600,99.29,101.41,E,9,14,,86,2,4.2,,,24100,,,8,,,4.3,3.6
"2023-04-05 08:00:00 EDT",1680696000,99.18,101.29,E,9,26,47,91,2.3,3.6,,,24100,,,8,,,4.8,2.9
"2023-04-05 07:00:00 EDT",1680692400,99.35,101.47,E,9,37,53,100,3.2,3.2,,,2000,,,4,,,5.1,3.2
"2023-04-05 06:00:00 EDT",1680688800,99.43,101.54,E,9,32,44,68,-0.4,5,,,24100,,,7,,,5.3,5
"2023-04-05 05:00:00 EDT",1680685200,99.48,101.59,E,9,29,52,60,-1.9,5.3,,,24100,,,7,,,5.6,5.2
"2023-04-05 04:00:00 EDT",1680681600,99.61,101.73,E,9,25,42,58,-1.9,5.6,,,24100,,,7,,,5.6,5.3
"2023-04-05 03:00:00 EDT",1680678000,99.71,101.83,E,8,36,49,59,-2,5.3,,,24100,,,7,,,5.5,5.3
"2023-04-05 02:00:00 EDT",1680674400,99.84,101.96,E,8,27,42,59,-1.8,5.5,,,24100,,,7,,,6,5.5
"2023-04-05 01:00:00 EDT",1680670800,99.89,102.01,E,8,26,47,61,-1,6,,,24100,,,7,,,7.1,6
"2023-04-05 00:00:00 EDT",1680667200,99.9,102.02,E,9,39,53,57,-0.8,7.1,,,24100,,,7,,,7.3,7.1
"2023-04-04 23:00:00 EDT",1680663600,99.9,102.02,E,9,24,46,62,0.4,7.2,,,24100,,,7,,,8.5,7.2
"2023-04-04 22:00:00 EDT",1680660000,99.97,102.09,E,9,24,,58,0.6,8.4,,,24100,,,7,,,8.4,8.2
"2023-04-04 21:00:00 EDT",1680656400,100.04,102.16,ESE,10,19,,58,0.6,8.3,,,24100,,,7,,,8.6,8.3
"2023-04-04 20:00:00 EDT",1680652800,99.97,102.09,E,9,20,33,61,1.5,8.6,,,24100,,,7,,,9.4,8.6
"2023-04-04 19:00:00 EDT",1680649200,99.95,102.07,E,10,23,,61,2.2,9.4,,,24100,,,7,,,10.1,9.4
"2023-04-04 18:00:00 EDT",1680645600,99.83,101.95,E,10,21,32,62,3.3,10.2,,,24100,,,8,,,10.8,10.1
"2023-04-04 17:00:00 EDT",1680642000,99.79,101.91,E,9,21,,60,3.3,10.7,,,24100,,,8,,,10.9,10.1
"2023-04-04 16:00:00 EDT",1680638400,99.78,101.9,ENE,7,17,,66,4.2,10.1,,,24100,,,8,,,10.2,9.5
"2023-04-04 15:00:00 EDT",1680634800,99.76,101.88,E,9,18,,74,5.4,9.7,,,24100,,,8,,,10.1,9.6
"2023-04-04 14:00:00 EDT",1680631200,99.71,101.82,E,9,19,,75,5.6,9.8,,,24100,,,8,,,10.2,9.5
"2023-04-04 13:00:00 EDT",1680627600,99.67,101.78,ENE,7,16,,80,6.3,9.6,,,24100,,,8,,,9.7,8.4
"2023-04-04 12:00:00 EDT",1680624000,99.62,101.73,ENE,6,14,,98,8.3,8.6,,,24100,,,8,,,9.3,8.4
"2023-04-04 11:00:00 EDT",1680620400,99.55,101.66,E,9,11,,100,9.2,9.2,,,8100,,,8,,,9.5,8.2
"2023-04-04 10:00:00 EDT",1680616800,99.51,101.62,E,8,8,,100,8.6,8.6,,,6400,,,8,,,8.7,7.7
"2023-04-04 09:00:00 EDT",1680613200,99.48,101.59,ENE,6,7,,100,7.8,7.8,,,4800,,,6,,,7.9,7.2
"2023-04-04 08:00:00 EDT",1680609600,99.49,101.6,,36,2,,100,7.3,7.3,,,4000,,,6,,,7.3,7
"2023-04-04 07:00:00 EDT",1680606000,99.44,101.55,SSE,15,7,,100,7.1,7.1,,,4800,,,8,,,7.2,6.9
"2023-04-04 06:00:00 EDT",1680602400,99.39,101.49,SE,14,5,,100,7.1,7.1,,,6400,,,8,,,7.1,6.9
"2023-04-04 05:00:00 EDT",1680598800,99.34,101.44,ESE,10,6,,100,6.9,6.9,,,9700,,,8,,,6.9,6.7
"2023-04-04 04:00:00 EDT",1680595200,99.25,101.35,SE,13,9,,100,6.7,6.7,,,16100,,,8,,,6.7,6.5
"2023-04-04 03:00:00 EDT",1680591600,99.23,101.33,SE,13,16,,100,6.5,6.5,,,24100,,,8,,,7.7,6.5
"2023-04-04 02:00:00 EDT",1680588000,99.28,101.38,SE,12,11,,68,2,7.6,,,24100,,,8,,,8.3,7.6
"2023-04-04 01:00:00 EDT",1680584400,99.27,101.37,ESE,11,8,,57,0.1,8.2,,,24100,,,7,,,9.4,8.2
"2023-04-04 00:00:00 EDT",1680580800,99.22,101.32,E,8,7,,48,-1.1,9.2,,,24100,,,8,,,9.5,9
"2023-04-03 23:00:00 EDT",1680577200,99.23,101.33,SE,12,3,,45,-2.1,9.3,,,24100,,,7,,,10.6,9.3
"2023-04-03 22:00:00 EDT",1680573600,99.17,101.27,ESE,10,5,,41,-2.2,10.6,,,24100,,,7,,,11.2,10.3
"2023-04-03 21:00:00 EDT",1680570000,99.16,101.26,ESE,11,5,,38,-2.8,10.9,,,24100,,,7,,,11.3,10.3
"2023-04-03 20:00:00 EDT",1680566400,99.15,101.26,,36,2,,37,-3.3,10.8,,,24100,,,7,,,11.2,10.1
"2023-04-03 19:00:00 EDT",1680562800,99.12,101.23,NW,31,12,,37,-2.9,11.3,,,24100,,,7,,,11.8,11.1
"2023-04-03 18:00:00 EDT",1680559200,99.13,101.24,W,27,15,,39,-1.8,11.7,,,24100,,,7,,,12.2,11.4
"2023-04-03 17:00:00 EDT",1680555600,99.08,101.19,NW,31,19,,34,-3.1,12.1,,,24100,,,8,,,12.8,12
"2023-04-03 16:00:00 EDT",1680552000,98.98,101.09,W,28,24,,34,-2.8,12.8,,,24100,,,8,,,13.6,12.2
"2023-04-03 15:00:00 EDT",1680548400,98.91,101.01,WNW,28,30,,32,-3.7,12.7,,,24100,,,8,,,14.1,12.4
"2023-04-03 14:00:00 EDT",1680544800,98.84,100.94,WNW,28,30,46,34,-1.7,13.7,,,24100,,,8,,,14,12
"2023-04-03 13:00:00 EDT",1680541200,98.77,100.87,W,26,40,54,41,-0.8,11.9,,,24100,,,7,,,13.4,11.5
"2023-04-03 12:00:00 EDT",1680537600,98.73,100.83,WSW,23,29,46,54,3.4,12.5,,,24100,,,7,,,12.5,10.2
"2023-04-03 11:00:00 EDT",1680534000,98.69,100.8,SW,22,27,45,59,2.8,10.3,,,24100,,,7,,,10.3,8.2
"2023-04-03 10:00:00 EDT",1680530400,98.8,100.91,SW,22,21,38,61,1,8,,,24100,,,8,,,8.1,6
"2023-04-03 09:00:00 EDT",1680526800,98.81,100.93,SSW,20,18,31,63,-0.4,6.1,,,24100,,,7,,,6.1,2.6
"2023-04-03 08:00:00 EDT",1680523200,98.84,100.97,SSE,15,11,,74,-1.7,2.6,,,24100,,,3,,,2.6,1.1
"2023-04-03 07:00:00 EDT",1680519600,98.94,101.07,SE,14,10,,71,-3.5,1.1,,,24100,,,4,,,1.2,0.8
"2023-04-03 06:00:00 EDT",1680516000,99,101.13,SSE,14,8,,64,-5.2,0.8,,,24100,,,1,,,1,0.7
"2023-04-03 05:00:00 EDT",1680512400,99.06,101.19,SE,14,10,,63,-5.5,0.8,,,24100,,,1,,,1,0.6
"2023-04-03 04:00:00 EDT",1680508800,99.1,101.23,SSE,14,9,,63,-5.4,0.9,,,24100,,,3,,,1.3,0.8
"2023-04-03 03:00:00 EDT",1680505200,99.18,101.31,SE,13,9,,60,-5.6,1.3,,,24100,,,5,,,1.5,1.2
"2023-04-03 02:00:00 EDT",1680501600,99.33,101.46,SSE,16,6,,60,-5.4,1.4,,,24100,,,7,,,1.5,1.3
"2023-04-03 01:00:00 EDT",1680498000,99.35,101.49,SE,12,11,,64,-4.6,1.4,,,24100,,,8,,,1.4,1.2
"2023-04-03 00:00:00 EDT",1680494400,99.46,101.6,SSE,14,15,,66,-4.4,1.2,,,24100,,,8,,,1.2,1.1
"2023-04-02 23:00:00 EDT",1680490800,99.56,101.7,SSE,15,14,,65,-4.6,1.2,,,24100,,,8,,,1.3,1.2
"2023-04-02 22:00:00 EDT",1680487200,99.62,101.77,SE,14,12,,63,-5,1.2,,,24100,,,8,,,1.2,0.8
"2023-04-02 21:00:00 EDT",1680483600,99.7,101.85,SSE,14,10,,58,-6.4,0.8,,,24100,,,8,,,0.9,0.6
"2023-04-02 20:00:00 EDT",1680480000,99.71,101.87,SE,14,15,,50,-8.6,0.7,,,24100,,,7,,,1.3,0.7
"2023-04-02 19:00:00 EDT",1680476400,99.71,101.87,SSE,16,11,,42,-10.2,1.3,,,24100,,,3,,,2.4,1.3
"2023-04-02 18:00:00 EDT",1680472800,99.75,101.91,SSE,15,14,,32,-12.9,2.3,,,24100,,,2,,,3,2
"2023-04-02 17:00:00 EDT",1680469200,99.83,101.99,SSE,15,11,,32,-12.8,2.3,,,24100,,,2,,,3.2,2.1
"2023-04-02 16:00:00 EDT",1680465600,99.83,101.98,SSE,15,15,,34,-12.2,2.3,,,24100,,,2,,,3.6,2.3
"2023-04-02 15:00:00 EDT",1680462000,99.9,102.05,SSE,16,16,,44,-8,3,,,24100,,,1,,,3,1.7
"2023-04-02 14:00:00 EDT",1680458400,99.98,102.14,SE,13,14,,44,-9,2,,,24100,,,1,,,2.5,1.2
"2023-04-02 13:00:00 EDT",1680454800,100.03,102.19,SE,14,17,,45,-9.4,1.4,,,24100,,,1,,,1.8,0.9
"2023-04-02 12:00:00 EDT",1680451200,100.07,102.23,WNW,29,8,,37,-12.2,0.8,,,24100,,,1,,,0.9,-0.7
"2023-04-02 11:00:00 EDT",1680447600,100.12,102.28,NNE,2,5,,40,-12.2,-0.2,-2,,24100,,,1,,,0.2,-1.9
"2023-04-02 10:00:00 EDT",1680444000,100.11,102.27,ENE,7,4,,38,-14.2,-1.5,-3,,24100,,,1,,,-1.2,-2.9
"2023-04-02 09:00:00 EDT",1680440400,100.09,102.25,NNE,3,9,,38,-15,-2.7,-6,,24100,,,0,,,-2.4,-3.7
"2023-04-02 08:00:00 EDT",1680436800,100.01,102.17,NNW,33,10,,43,-14.4,-3.6,-8,,24100,,,0,,,-3.6,-4.8
"2023-04-02 07:00:00 EDT",1680433200,99.91,102.07,N,0,16,,45,-15.2,-4.8,-11,,24100,,,1,,,-4.2,-4.8
"2023-04-02 06:00:00 EDT",1680429600,99.8,101.95,N,35,20,,45,-14.7,-4.4,-11,,24100,,,1,,,-3.7,-4.4
"2023-04-02 05:00:00 EDT",1680426000,99.74,101.88,NNW,34,18,,46,-13.9,-3.8,-10,,24100,,,1,,,-3.3,-4.1
"2023-04-02 04:00:00 EDT",1680422400,99.64,101.77,N,35,22,35,43,-14.3,-3.3,-10,,24100,,,0,,,-2.7,-3.3
"2023-04-02 03:00:00 EDT",1680418800,99.58,101.71,NNW,34,26,,40,-14.5,-2.7,-10,,24100,,,0,,,-2,-2.8
"2023-04-02 02:00:00 EDT",1680415200,99.41,101.53,NNW,33,25,41,49,-11.4,-2,-8,,24100,,,0,,,-1.5,-2.2
"2023-04-02 01:00:00 EDT",1680411600,99.25,101.37,NNW,32,24,34,51,-10.4,-1.5,-8,,24100,,,0,,,-1,-1.6
"2023-04-02 00:00:00 EDT",1680408000,99.05,101.16,NNW,34,37,49,48,-10.7,-1,-8,,24100,,,0,,,-0.6,-1
"2023-04-01 23:00:00 EDT",1680404400,98.85,100.96,NNW,34,39,64,60,-7.6,-0.7,-8,,24100,,,1,,,0.4,-0.7
"2023-04-01 22:00:00 EDT",1680400800,98.65,100.75,NNW,33,48,66,66,-5.3,0.3,,,24100,,,8,,,0.5,0.3
"2023-04-01 21:00:00 EDT",1680397200,98.46,100.56,NNW,33,46,65,69,-4.6,0.4,,,24100,,,8,,,0.7,0.4
"2023-04-01 20:00:00 EDT",1680393600,98.22,100.32,NW,32,50,71,75,-3.3,0.7,,,24100,,,8,,,2,0.7
"2023-04-01 19:00:00 EDT",1680390000,97.96,100.06,NNW,32,38,62,89,0.4,2,,,24100,,,8,,,4.4,2
"2023-04-01 18:00:00 EDT",1680386400,97.7,99.78,NNW,33,45,56,85,1.8,4.1,,,24100,,,7,,,10.1,4.1
"2023-04-01 17:00:00 EDT",1680382800,97.36,99.43,WNW,29,38,50,68,2.8,8.3,,,19300,,,7,,,10.6,8.3
"2023-04-01 16:00:00 EDT",1680379200,97.15,99.21,WNW,28,26,,58,2.7,10.5,,,24100,,,8,,,11.7,10.5
"2023-04-01 15:00:00 EDT",1680375600,97.14,99.2,NW,30,29,,51,1.9,11.8,,,24100,,,7,,,13.5,11.7
"2023-04-01 14:00:00 EDT",1680372000,97.1,99.16,W,28,24,40,53,3.6,12.8,,,24100,,,8,,,12.9,12.2
"2023-04-01 13:00:00 EDT",1680368400,97.12,99.18,WNW,28,38,,47,1.7,12.6,,,24100,,,6,,,13.6,12.4
"2023-04-01 12:00:00 EDT",1680364800,97.18,99.24,WSW,25,31,43,50,3.3,13.6,,,24100,,,6,,,14.6,13.5
"2023-04-01 11:00:00 EDT",1680361200,97.17,99.23,WSW,25,42,56,51,4.1,13.9,,,24100,,,3,,,14.2,13
"2023-04-01 10:00:00 EDT",1680357600,97.15,99.21,WSW,24,31,45,68,7.2,13,,,24100,,,1,,,13,11.3
"2023-04-01 09:00:00 EDT",1680354000,97.11,99.18,SW,22,31,,84,8.7,11.2,,,24100,,,1,,,11.2,8.1
"2023-04-01 08:00:00 EDT",1680350400,97.13,99.2,SW,21,17,,100,8.1,8.1,,,24100,,,2,,,8.1,6.8
"2023-04-01 07:00:00 EDT",1680346800,97.11,99.18,SSW,20,12,,100,7,7,,,800,,,,,,7.6,6.2
"2023-04-01 06:00:00 EDT",1680343200,97.11,99.18,S,17,8,,100,7.5,7.5,,,1600,,,4,,,7.6,6.1
"2023-04-01 05:00:00 EDT",1680339600,97.09,99.16,E,8,10,,100,6.6,6.6,,,24100,,,8,,,6.6,5.7
"2023-04-01 04:00:00 EDT",1680336000,97.3,99.38,E,8,11,,100,5.7,5.7,,,6400,,,8,,,5.7,4.8
"2023-04-01 03:00:00 EDT",1680332400,97.61,99.7,E,9,13,,100,4.8,4.8,,,8100,,,8,,,4.8,4.6
"2023-04-01 02:00:00 EDT",1680328800,97.81,99.9,ENE,6,11,,100,4.7,4.7,,,6400,,,8,,,4.7,4
"2023-04-01 01:00:00 EDT",1680325200,98.02,100.12,ESE,10,10,,100,4.1,4.1,,,3200,,,4,,,4.1,3.8
"2023-04-01 00:00:00 EDT",1680321600,98.19,100.3,NE,5,11,,100,3.9,3.9,,,3200,,,8,,,3.9,3.8
"2023-03-31 23:00:00 EDT",1680318000,98.35,100.46,NE,5,8,,100,3.9,3.9,,,2000,,,8,,,4,3.8
"2023-03-31 22:00:00 EDT",1680314400,98.42,100.53,E,8,10,,100,4,4,,,3200,,,8,,,4,3.9
"2023-03-31 21:00:00 EDT",1680310800,98.55,100.66,E,9,10,,100,4,4,,,4800,,,8,,,4.1,3.8
"2023-03-31 20:00:00 EDT",1680307200,98.6,100.72,E,8,7,,100,4,4,,,3200,,,8,,,4.1,4
"2023-03-31 19:00:00 EDT",1680303600,98.66,100.78,E,9,12,,100,4.1,4.1,,,1600,,,4,,,4.4,4
"2023-03-31 18:00:00 EDT",1680300000,98.64,100.76,E,8,12,,100,4.2,4.2,,,2000,,,5,,,4.4,4.1
"2023-03-31 17:00:00 EDT",1680296400,98.69,100.81,ESE,10,12,,100,4.1,4.1,,,2400,,,6,,,4.2,3.7
"2023-03-31 16:00:00 EDT",1680292800,98.79,100.91,SE,12,9,,100,3.8,3.8,,,4800,,,8,,,4.4,3.8
"2023-03-31 15:00:00 EDT",1680289200,98.88,101,ESE,11,8,,100,4.4,4.4,,,16100,,,8,,,4.9,3.8
"2023-03-31 14:00:00 EDT",1680285600,99.03,101.16,SE,13,16,30,91,3.1,4.4,,,19300,,,8,,,4.9,2.6
"2023-03-31 13:00:00 EDT",1680282000,99.16,101.29,E,9,11,,100,4,4,,,9700,,,8,,,4,2.1
"2023-03-31 12:00:00 EDT",1680278400,99.37,101.51,E,10,10,,100,2.2,2.2,,,9700,,,8,,,2.3,1.9
"2023-03-31 11:00:00 EDT",1680274800,99.49,101.63,E,8,15,,100,1.9,1.9,,,9700,,,8,,,2,1.7
"2023-03-31 10:00:00 EDT",1680271200,99.61,101.75,ESE,10,15,,93,1,1.9,,,9700,,,8,,,2.5,1.7
"2023-03-31 09:00:00 EDT",1680267600,99.74,101.88,ESE,11,17,,65,-3.5,2.4,,,24100,,,8,,,2.5,1.3
"2023-03-31 08:00:00 EDT",1680264000,99.79,101.94,ESE,10,10,,72,-3,1.5,,,19300,,,8,,,1.5,0.8
"2023-03-31 07:00:00 EDT",1680260400,99.97,102.12,SSE,14,8,,67,-4.2,1.2,,,24100,,,8,,,1.2,0.7
"2023-03-31 06:00:00 EDT",1680256800,100,102.15,E,9,7,,75,-3.2,0.7,,,12900,,,8,,,1,0.6
"2023-03-31 05:00:00 EDT",1680253200,100.14,102.29,W,26,4,,69,-4.2,0.9,,,24100,,,8,,,1,0.6
"2023-03-31 04:00:00 EDT",1680249600,100.11,102.26,SSE,16,4,,68,-4.5,0.7,,,24100,,,8,,,0.7,0.4
"2023-03-31 03:00:00 EDT",1680246000,100.13,102.28,SSE,15,7,,65,-5.3,0.4,,,24100,,,8,,,0.4,0.1
"2023-03-31 02:00:00 EDT",1680242400,100.16,102.32,SSE,14,6,,64,-5.7,0.2,,,24100,,,8,,,0.2,-0.1
"2023-03-31 01:00:00 EDT",1680238800,100.21,102.37,SSE,16,6,,61,-6.7,0,-2,,24100,,,6,,,0.1,-0.2
"2023-03-31 00:00:00 EDT",1680235200,100.24,102.4,SSE,16,5,,61,-6.5,0.1,,,24100,,,1,,,0.7,-0.1
"2023-03-30 23:00:00 EDT",1680231600,100.29,102.45,S,19,6,,59,-6.5,0.6,,,24100,,,2,,,1.1,0.4
"2023-03-30 22:00:00 EDT",1680228000,100.36,102.52,SW,22,11,,60,-5.9,0.9,,,24100,,,7,,,1.2,0.9
"2023-03-30 21:00:00 EDT",1680224400,100.36,102.53,SSW,20,13,,61,-5.6,1.1,,,24100,,,5,,,1.5,1
"2023-03-30 20:00:00 EDT",1680220800,100.38,102.55,SSW,19,16,,61,-5.2,1.4,,,24100,,,5,,,3.6,1.4
"2023-03-30 19:00:00 EDT",1680217200,100.32,102.49,S,18,13,,55,-5.5,2.7,,,24100,,,4,,,3.6,2.7
"2023-03-30 18:00:00 EDT",1680213600,100.35,102.52,SSW,20,18,,40,-8.8,3.5,,,24100,,,1,,,4.1,3.3
"2023-03-30 17:00:00 EDT",1680210000,100.41,102.58,SW,23,13,32,38,-8.9,4,,,24100,,,1,,,4.1,3
"2023-03-30 16:00:00 EDT",1680206400,100.49,102.66,WSW,25,17,28,37,-9.7,3.6,,,24100,,,1,,,4.2,1.8
"2023-03-30 15:00:00 EDT",1680202800,100.57,102.75,SW,23,9,28,42,-9.8,1.7,,,24100,,,4,,,3.5,0.7
"2023-03-30 14:00:00 EDT",1680199200,100.64,102.82,W,27,14,,46,-8.9,1.6,,,24100,,,4,,,2.3,0.4
"2023-03-30 13:00:00 EDT",1680195600,100.67,102.85,W,27,17,28,45,-9.9,0.7,,,24100,,,4,,,1.7,-0.4
"2023-03-30 12:00:00 EDT",1680192000,100.71,102.89,WNW,28,18,,46,-10.2,0.1,,,24100,,,4,,,1.1,-1.3
"2023-03-30 11:00:00 EDT",1680188400,100.73,102.91,NW,31,9,,52,-9.8,-1.2,-4,,24100,,,6,,,-0.5,-1.5
"2023-03-30 10:00:00 EDT",1680184800,100.71,102.89,WSW,24,11,,63,-7.6,-1.4,-5,,24100,,,2,,,-1.4,-1.4
"2023-03-30 09:00:00 EDT",1680181200,100.73,102.91,WSW,25,15,,66,-8.3,-2.8,-8,,24100,,,1,,,-2.7,-4.2
"2023-03-30 08:00:00 EDT",1680177600,100.68,102.87,W,26,11,,71,-8.7,-4.2,-9,,24100,,,1,,,-4.2,-6.2
"2023-03-30 07:00:00 EDT",1680174000,100.6,102.79,W,26,14,,73,-10,-6,-12,,24100,,,1,,,-5.4,-6.5
"2023-03-30 06:00:00 EDT",1680170400,100.56,102.74,W,27,13,,73,-10.4,-6.4,-12,,24100,,,1,,,-6.3,-7.2
"2023-03-30 05:00:00 EDT",1680166800,100.52,102.7,W,27,14,,75,-10.2,-6.5,-12,,24100,,,1,,,-5.9,-6.5
"2023-03-30 04:00:00 EDT",1680163200,100.51,102.69,WNW,28,14,,77,-9.3,-5.9,-11,,24100,,,1,,,-5.5,-7
"2023-03-30 03:00:00 EDT",1680159600,100.48,102.65,W,28,9,,77,-9.1,-5.6,-10,,24100,,,1,,,-5.5,-6.3
"2023-03-30 02:00:00 EDT",1680156000,100.45,102.62,W,27,13,,76,-9.8,-6.3,-12,,24100,,,0,,,-4.8,-6.3
"2023-03-30 01:00:00 EDT",1680152400,100.38,102.54,W,27,17,,70,-9.8,-5.1,-11,,24100,,,1,,,-4.1,-5.1
"2023-03-30 00:00:00 EDT",1680148800,100.3,102.45,WNW,30,20,31,64,-9.9,-4.1,-10,,24100,,,0,,,-3.8,-4.2
"2023-03-29 23:00:00 EDT",1680145200,100.25,102.4,WNW,28,23,,66,-9.4,-3.9,-11,,24100,,,1,,,-3.5,-3.9
"2023-03-29 22:00:00 EDT",1680141600,100.18,102.34,WNW,29,29,,64,-9.3,-3.5,-11,,24100,,,0,,,-3.3,-3.6
"2023-03-29 21:00:00 EDT",1680138000,100.06,102.22,WNW,29,32,47,63,-9.4,-3.3,-11,,24100,,,1,,,-2.6,-3.4
"2023-03-29 20:00:00 EDT",1680134400,99.92,102.08,WNW,29,38,62,62,-9.2,-2.9,-11,,24100,,,1,,,-1.8,-2.9
"2023-03-29 19:00:00 EDT",1680130800,99.81,101.96,WNW,30,45,64,59,-8.9,-1.8,-10,,24100,,,4,,,-0.5,-1.8
"2023-03-29 18:00:00 EDT",1680127200,99.66,101.81,WNW,29,49,68,52,-9.3,-0.7,-9,,24100,,,3,,,0.1,-0.7
"2023-03-29 17:00:00 EDT",1680123600,99.5,101.64,WNW,30,46,58,67,-5.5,0,-8,,24100,,,6,,,0.4,-0.4
"2023-03-29 16:00:00 EDT",1680120000,99.4,101.54,WNW,30,35,63,97,-0.3,0.1,,,4800,,,8,,,5.4,-0.4
"2023-03-29 15:00:00 EDT",1680116400,99.19,101.32,WSW,25,27,43,100,3.5,3.5,,,9700,,,8,,,5.8,3.5
"2023-03-29 14:00:00 EDT",1680112800,99.22,101.34,WSW,24,29,45,67,0.2,5.8,,,19300,,,8,,,9.1,5.2
"2023-03-29 13:00:00 EDT",1680109200,99.27,101.39,W,28,46,,47,-3,7.5,,,24100,,,8,,,9.1,7.5
"2023-03-29 12:00:00 EDT",1680105600,99.36,101.48,W,26,45,54,42,-3.9,8.3,,,24100,,,8,,,8.5,7.1
"2023-03-29 11:00:00 EDT",1680102000,99.45,101.57,SW,22,28,49,53,-1.8,7.2,,,24100,,,8,,,7.3,5.2
"2023-03-29 10:00:00 EDT",1680098400,99.54,101.67,S,17,9,,60,-2,5.1,,,24100,,,6,,,5.1,2.9
"2023-03-29 09:00:00 EDT",1680094800,99.65,101.78,S,18,13,,65,-2.9,3,,,24100,,,6,,,3,1.6
"2023-03-29 08:00:00 EDT",1680091200,99.73,101.87,S,17,10,,74,-2.5,1.5,,,24100,,,2,,,1.5,1
"2023-03-29 07:00:00 EDT",1680087600,99.74,101.88,SSW,20,10,,74,-2.7,1.3,,,24100,,,3,,,1.5,1.1
"2023-03-29 06:00:00 EDT",1680084000,99.76,101.9,SW,22,9,,74,-3,1.1,,,24100,,,2,,,1.4,0.7
"2023-03-29 05:00:00 EDT",1680080400,99.75,101.89,SW,22,11,,74,-3.2,1,,,24100,,,0,,,1.3,0.9
"2023-03-29 04:00:00 EDT",1680076800,99.79,101.93,SW,22,12,,71,-3.6,1,,,24100,,,0,,,1.5,0.3
"2023-03-29 03:00:00 EDT",1680073200,99.82,101.96,SW,21,10,,64,-4.9,1.2,,,24100,,,0,,,1.6,0.9
"2023-03-29 02:00:00 EDT",1680069600,99.86,102,SW,23,11,,64,-4.7,1.4,,,24100,,,0,,,1.8,1
"2023-03-29 01:00:00 EDT",1680066000,99.9,102.04,WSW,25,7,,66,-4,1.7,,,24100,,,0,,,2.7,1.7
"2023-03-29 00:00:00 EDT",1680062400,99.95,102.09,SW,23,8,,69,-3.2,1.8,,,24100,,,0,,,2.5,0.8
"2023-03-28 23:00:00 EDT",1680058800,100.01,102.15,WSW,24,12,,83,-0.3,2.4,,,24100,,,1,,,4.1,2.3
"2023-03-28 22:00:00 EDT",1680055200,100.03,102.17,SW,23,5,,86,1.9,4.1,,,24100,,,3,,,4.4,3.8
"2023-03-28 21:00:00 EDT",1680051600,100.01,102.15,S,17,5,,78,0.4,3.9,,,24100,,,3,,,4.7,3.9
"2023-03-28 20:00:00 EDT",1680048000,100,102.14,S,17,8,,62,-1.8,4.7,,,24100,,,5,,,5.1,4.5
"2023-03-28 19:00:00 EDT",1680044400,100.01,102.15,S,17,12,,62,-1.5,5.1,,,24100,,,5,,,5.5,4.8
"2023-03-28 18:00:00 EDT",1680040800,100,102.14,SE,14,15,,70,0,5,,,24100,,,7,,,5.9,4.9
"2023-03-28 17:00:00 EDT",1680037200,100.01,102.15,SE,13,11,,73,0.8,5.1,,,24100,,,8,,,5.9,4.9
"2023-03-28 16:00:00 EDT",1680033600,100.05,102.19,SSE,14,17,,76,1.1,4.9,,,24100,,,7,,,5.8,4.9
"2023-03-28 15:00:00 EDT",1680030000,100.07,102.21,S,17,10,,74,1.4,5.8,,,24100,,,7,,,6.3,5.1
"2023-03-28 14:00:00 EDT",1680026400,100.11,102.25,SE,12,13,,69,0.6,5.9,,,24100,,,7,,,6.4,4.5
"2023-03-28 13:00:00 EDT",1680022800,100.14,102.28,SSE,15,15,,75,0.8,5,,,24100,,,7,,,5.8,4.6
"2023-03-28 12:00:00 EDT",1680019200,100.14,102.28,SW,21,3,,65,-1,5,,,24100,,,8,,,5.6,4.7
"2023-03-28 11:00:00 EDT",1680015600,100.15,102.29,NNE,2,14,,64,-1,5.2,,,24100,,,3,,,5.7,3.4
"2023-03-28 10:00:00 EDT",1680012000,100.15,102.3,N,35,12,,77,-0.1,3.5,,,24100,,,4,,,3.5,2
"2023-03-28 09:00:00 EDT",1680008400,100.15,102.3,N,35,17,,79,-1.4,1.9,,,24100,,,6,,,2,1.6
"2023-03-28 08:00:00 EDT",1680004800,100.12,102.27,NNW,34,18,,73,-2.4,2,,,24100,,,8,,,2.1,1
"2023-03-28 07:00:00 EDT",1680001200,100.07,102.22,WNW,30,12,,83,-1.6,1.1,,,24100,,,5,,,2.1,0.9
"2023-03-28 06:00:00 EDT",1679997600,100.02,102.16,NW,30,10,,91,0.1,1.4,,,24100,,,4,,,1.7,1
"2023-03-28 05:00:00 EDT",1679994000,100,102.15,WNW,29,7,,97,1.1,1.5,,,24100,,,7,,,2.4,1.5
"2023-03-28 04:00:00 EDT",1679990400,99.97,102.11,NW,31,12,,100,2,2,,,24100,,,7,,,2,1.4
"2023-03-28 03:00:00 EDT",1679986800,99.97,102.11,W,28,10,,100,1.6,1.6,,,24100,,,7,,,1.7,1.4
"2023-03-28 02:00:00 EDT",1679983200,100,102.15,WSW,24,9,,100,1.7,1.7,,,24100,,,7,,,1.9,1.5
"2023-03-28 01:00:00 EDT",1679979600,100.01,102.16,SW,23,8,,100,1.9,1.9,,,24100,,,8,,,2.1,1.9
"2023-03-28 00:00:00 EDT",1679976000,100,102.15,SW,22,10,,100,2,2,,,24100,,,7,,,2,1.5
"2023-03-27 23:00:00 EDT",1679972400,100.02,102.17,WSW,23,7,,100,2,2,,,24100,,,8,,,2.1,1.7
"2023-03-27 22:00:00 EDT",1679968800,100,102.15,SW,23,5,,100,1.9,1.9,,,24100,,,8,,,2,1.6
"2023-03-27 21:00:00 EDT",1679965200,99.94,102.08,SSW,20,6,,100,2,2,,,24100,,,3,,,2.7,1.8
"2023-03-27 20:00:00 EDT",1679961600,99.86,102,S,17,8,,100,2.6,2.6,,,24100,,,6,,,4.3,2.6
"2023-03-27 19:00:00 EDT",1679958000,99.82,101.96,ESE,12,7,,74,0.2,4.3,,,24100,,,7,,,4.4,4
"2023-03-27 18:00:00 EDT",1679954400,99.73,101.87,ESE,11,7,,79,0.7,4,,,24100,,,7,,,4,3.4
"2023-03-27 17:00:00 EDT",1679950800,99.69,101.82,ENE,7,8,,90,2,3.4,,,24100,,,8,,,3.5,3.2
"2023-03-27 16:00:00 EDT",1679947200,99.63,101.76,ENE,7,16,,91,2,3.3,,,24100,,,8,,,3.3,3.1
"2023-03-27 15:00:00 EDT",1679943600,99.64,101.78,ENE,5,13,,89,1.6,3.3,,,24100,,,8,,,3.3,3
"2023-03-27 14:00:00 EDT",1679940000,99.62,101.76,ENE,6,13,,94,2.3,3.1,,,24100,,,8,,,3.2,2.5
"2023-03-27 13:00:00 EDT",1679936400,99.61,101.74,ENE,5,13,,100,2.4,2.4,,,24100,,,8,,,2.5,2.2
"2023-03-27 12:00:00 EDT",1679932800,99.63,101.76,NNE,3,19,,100,2.3,2.3,,,24100,,,8,,,2.3,2.3
"2023-03-27 11:00:00 EDT",1679929200,99.59,101.72,NE,3,15,,100,2.5,2.5,,,24100,,,8,,,2.5,2.5
"2023-03-27 10:00:00 EDT",1679925600,99.56,101.69,NE,3,17,,100,2.5,2.5,,,19300,,,8,,,2.5,2.5
"2023-03-27 09:00:00 EDT",1679922000,99.61,101.74,ENE,6,7,,100,2.7,2.7,,,24100,,,8,,,2.7,2.7
"2023-03-27 08:00:00 EDT",1679918400,99.65,101.78,ENE,7,12,,100,2.5,2.5,,,16100,,,8,,,2.5,2.5
"2023-03-27 07:00:00 EDT",1679914800,99.64,101.77,ESE,10,12,,100,2.4,2.4,,,9700,,,8,,,2.4,2.4
"2023-03-27 06:00:00 EDT",1679911200,99.62,101.74,E,8,4,,94,2.1,3,,,6400,,,,,,3,3
"2023-03-27 05:00:00 EDT",1679907600,99.59,101.71,NE,4,6,,75,0,4,,,9700,,,8,,,4,4
"2023-03-27 04:00:00 EDT",1679904000,99.46,101.58,NNW,34,5,,65,-2.1,3.9,,,24100,,,8,,,3.9,3.9
"2023-03-27 03:00:00 EDT",1679900400,99.49,101.61,,36,3,,73,-1.9,2.4,,,24100,,,8,,,2.4,2.4
"2023-03-27 02:00:00 EDT",1679896800,99.47,101.59,NNE,2,12,,69,-2.7,2.4,,,24100,,,8,,,2.4,2.4
"2023-03-27 01:00:00 EDT",1679893200,99.54,101.66,NNE,3,9,,59,-3.2,4.1,,,24100,,,8,,,4.1,4.1
"2023-03-27 00:00:00 EDT",1679889600,99.58,101.7,WNW,28,5,,53,-3.7,5.1,,,24100,,,7,,,5.1,5.1
"2023-03-26 23:00:00 EDT",1679886000,99.58,101.71,SW,22,8,,54,-3.7,4.8,,,24100,,,2,,,4.8,4.8
"2023-03-26 22:00:00 EDT",1679882400,99.54,101.67,NW,30,8,,50,-3.9,5.7,,,24100,,,3,,,5.7,5.7
"2023-03-26 21:00:00 EDT",1679878800,99.53,101.66,W,28,9,,51,-3.5,5.9,,,24100,,,4,,,5.9,5.9
"2023-03-26 20:00:00 EDT",1679875200,99.52,101.65,W,27,16,,51,-3.2,6.2,,,24100,,,4,,,6.2,6.2
"2023-03-26 19:00:00 EDT",1679871600,99.45,101.57,WSW,25,26,,45,-3,8.2,,,24100,,,6,,,8.2,8.2
"2023-03-26 18:00:00 EDT",1679868000,99.41,101.53,WNW,30,28,,41,-3.4,9.1,,,24100,,,1,,,9.1,9.1
"2023-03-26 17:00:00 EDT",1679864400,99.36,101.48,W,26,30,,43,-2.5,9.4,,,24100,,,1,,,9.4,9.4
"2023-03-26 16:00:00 EDT",1679860800,99.32,101.44,WSW,25,26,41,45,-1.7,9.6,,,24100,,,1,,,9.6,9.6
"2023-03-26 15:00:00 EDT",1679857200,99.28,101.4,W,27,30,44,46,-1.9,9.1,,,24100,,,0,,,9.1,9.1
"2023-03-26 14:00:00 EDT",1679853600,99.26,101.38,W,27,36,47,48,-2.1,8.2,,,24100,,,0,,,8.2,8.2
"2023-03-26 13:00:00 EDT",1679850000,99.25,101.37,W,27,32,44,51,-2.1,7.4,,,24100,,,0,,,7.4,7.4
"2023-03-26 12:00:00 EDT",1679846400,99.24,101.36,WNW,28,32,43,53,-2.5,6.4,,,24100,,,1,,,6.4,6.4
"2023-03-26 11:00:00 EDT",1679842800,99.19,101.31,WSW,25,31,41,60,-1.5,5.7,,,24100,,,0,,,5.7,5.7
"2023-03-26 10:00:00 EDT",1679839200,99.1,101.22,W,26,32,45,62,-2.5,4.1,,,24100,,,1,,,4.1,4.1
"2023-03-26 09:00:00 EDT",1679835600,99.03,101.15,W,27,32,42,72,-1.8,2.7,,,24100,,,1,,,2.7,2.7
"2023-03-26 08:00:00 EDT",1679832000,98.93,101.05,W,26,30,43,73,-2.6,1.7,,,24100,,,6,,,1.7,1.7
"2023-03-26 07:00:00 EDT",1679828400,98.81,100.92,W,26,32,49,72,-2.6,1.9,,,24100,,,7,,,1.9,1.9
"2023-03-26 06:00:00 EDT",1679824800,98.67,100.78,W,27,34,46,73,-2.1,2.2,,,24100,,,8,,,2.2,2.2
"2023-03-26 05:00:00 EDT",1679821200,98.55,100.66,W,26,35,51,74,-1.9,2.3,,,24100,,,8,,,2.3,2.3
"2023-03-26 04:00:00 EDT",1679817600,98.41,100.52,W,26,48,,73,-2.1,2.2,,,24100,,,8,,,2.2,2.2
"2023-03-26 03:00:00 EDT",1679814000,98.33,100.44,WSW,25,45,66,78,-1.3,2.1,,,24100,,,8,,,2.1,2.1
"2023-03-26 02:00:00 EDT",1679810400,98.23,100.34,WSW,25,44,66,79,-1.3,2,,,9700,,,8,,,2,2
"2023-03-26 01:00:00 EDT",1679806800,98.09,100.2,WSW,25,46,63,75,-1.8,2.2,,,24100,,,8,,,2.2,2.2
"2023-03-26 00:00:00 EDT",1679803200,97.93,100.03,WSW,24,35,65,88,0.8,2.6,,,24100,,,8,,,2.6,2.6
"2023-03-25 23:00:00 EDT",1679799600,97.78,99.88,SW,23,37,54,82,0.6,3.4,,,24100,,,8,,,3.4,3.4
"2023-03-25 22:00:00 EDT",1679796000,97.69,99.79,SW,22,34,57,77,0.1,3.7,,,24100,,,8,,,5.2,3.7
"2023-03-25 21:00:00 EDT",1679792400,97.58,99.67,SW,23,37,65,66,-0.6,5.2,,,24100,,,8,,,7.2,5.2
"2023-03-25 20:00:00 EDT",1679788800,97.47,99.56,SW,21,38,61,68,0.6,6,,,24100,,,8,,,7.8,6
"2023-03-25 19:00:00 EDT",1679785200,97.32,99.4,SW,22,62,79,61,0.8,7.9,,,24100,,,6,,,9.1,6.8
"2023-03-25 18:00:00 EDT",1679781600,97.28,99.36,S,17,18,,100,7.4,7.4,,,24100,,,7,,,7.4,5.4
"2023-03-25 17:00:00 EDT",1679778000,97.28,99.36,SE,13,10,,100,6.1,6.1,,,9700,,,8,,,6.1,5
"2023-03-25 16:00:00 EDT",1679774400,97.35,99.44,ENE,7,19,,100,4.9,4.9,,,9700,,,8,,,5,3.7
"2023-03-25 15:00:00 EDT",1679770800,97.46,99.55,E,10,18,27,100,3.9,3.9,,,6400,,,8,,,3.9,3.2
"2023-03-25 14:00:00 EDT",1679767200,97.49,99.58,E,9,28,50,100,3.2,3.2,,,4800,,,8,,,3.3,3
"2023-03-25 13:00:00 EDT",1679763600,97.64,99.74,E,9,27,50,100,3,3,,,4000,,,8,,,3,2.7
"2023-03-25 12:00:00 EDT",1679760000,97.8,99.9,E,10,39,61,100,2.7,2.7,,,4800,,,8,,,2.8,1.8
"2023-03-25 11:00:00 EDT",1679756400,97.98,100.09,E,9,37,56,100,2,2,,,4000,,,8,,,2.1,1.6
"2023-03-25 10:00:00 EDT",1679752800,98.2,100.31,E,9,26,40,100,1.6,1.6,,,8100,,,8,,,1.6,1.3
"2023-03-25 09:00:00 EDT",1679749200,98.39,100.51,E,8,35,47,100,1.4,1.4,,,4800,,,8,,,1.6,1.4
"2023-03-25 08:00:00 EDT",1679745600,98.56,100.68,E,9,29,41,99,1.5,1.6,,,9700,,,8,,,2,1.6
"2023-03-25 07:00:00 EDT",1679742000,98.74,100.86,E,9,31,49,87,0,1.9,,,24100,,,8,,,1.9,1.6
"2023-03-25 06:00:00 EDT",1679738400,98.92,101.04,E,8,31,48,91,0.2,1.6,,,24100,,,8,,,1.8,1.6
"2023-03-25 05:00:00 EDT",1679734800,99.11,101.23,E,9,21,37,86,-0.4,1.7,,,24100,,,8,,,1.9,1.7
"2023-03-25 04:00:00 EDT",1679731200,99.28,101.41,E,9,23,41,82,-1,1.8,,,24100,,,8,,,1.8,1.2
"2023-03-25 03:00:00 EDT",1679727600,99.42,101.55,E,8,12,,77,-2.3,1.3,,,24100,,,8,,,1.3,0.9
"2023-03-25 02:00:00 EDT",1679724000,99.51,101.65,E,8,10,,65,-4.5,1.3,,,24100,,,8,,,1.5,0.7
"2023-03-25 01:00:00 EDT",1679720400,99.58,101.72,NE,4,9,,69,-4.4,0.7,,,24100,,,7,,,1.4,0.7
"2023-03-25 00:00:00 EDT",1679716800,99.58,101.72,ENE,6,8,,65,-4.7,1.3,,,24100,,,6,,,1.6,0.6
"2023-03-24 23:00:00 EDT",1679713200,99.67,101.81,ENE,6,7,,63,-4.8,1.5,,,24100,,,8,,,1.6,1.1
"2023-03-24 22:00:00 EDT",1679709600,99.76,101.91,E,8,5,,62,-5,1.5,,,24100,,,8,,,1.8,1.4
"2023-03-24 21:00:00 EDT",1679706000,99.76,101.91,SE,13,6,,62,-4.8,1.7,,,24100,,,8,,,1.9,1.6
"2023-03-24 20:00:00 EDT",1679702400,99.75,101.9,SE,13,7,,59,-5.3,1.9,,,24100,,,8,,,2.3,1.7
"2023-03-24 19:00:00 EDT",1679698800,99.77,101.92,SSE,15,12,,65,-3.8,2.2,,,24100,,,8,,,5.1,2.2
"2023-03-24 18:00:00 EDT",1679695200,99.75,101.89,NNE,1,10,,43,-6.6,5,,,24100,,,7,,,6,5
"2023-03-24 17:00:00 EDT",1679691600,99.7,101.84,NNE,1,7,,43,-6.1,5.5,,,24100,,,7,,,5.9,5
"2023-03-24 16:00:00 EDT",1679688000,99.71,101.85,NW,32,10,,45,-5.9,5.2,,,24100,,,7,,,5.9,4
"2023-03-24 15:00:00 EDT",1679684400,99.79,101.93,NW,31,13,,47,-6,4.5,,,24100,,,7,,,4.9,3.8
"2023-03-24 14:00:00 EDT",1679680800,99.78,101.93,NNE,2,16,,50,-5.5,3.8,,,24100,,,6,,,4.6,2.8
"2023-03-24 13:00:00 EDT",1679677200,99.8,101.95,NNE,1,12,,52,-5.7,3.3,,,24100,,,5,,,3.7,2.3
"2023-03-24 12:00:00 EDT",1679673600,99.83,101.98,NW,32,12,,59,-4.8,2.4,,,24100,,,8,,,2.6,1.4
"2023-03-24 11:00:00 EDT",1679670000,99.82,101.97,NNW,33,10,,59,-5.5,1.6,,,24100,,,7,,,1.6,0.4
"2023-03-24 10:00:00 EDT",1679666400,99.81,101.96,NNW,34,17,,63,-5.8,0.6,,,24100,,,7,,,0.7,-0.1
"2023-03-24 09:00:00 EDT",1679662800,99.82,101.97,NNW,34,13,,66,-5.7,-0.1,-4,,24100,,,7,,,0,-0.7
"2023-03-24 08:00:00 EDT",1679659200,99.7,101.85,N,0,11,,72,-4.9,-0.6,-4,,24100,,,7,,,-0.5,-1
"2023-03-24 07:00:00 EDT",1679655600,99.65,101.79,NNW,34,17,,80,-3.6,-0.6,-6,,24100,,,7,,,-0.5,-0.9
"2023-03-24 06:00:00 EDT",1679652000,99.63,101.77,NW,32,18,,82,-3.4,-0.8,-6,,24100,,,6,,,-0.5,-0.9
"2023-03-24 05:00:00 EDT",1679648400,99.62,101.76,NW,31,15,,80,-3.7,-0.6,-5,,24100,,,7,,,-0.6,-0.8
"2023-03-24 04:00:00 EDT",1679644800,99.6,101.74,NW,31,14,,77,-4.3,-0.8,-5,,24100,,,7,,,-0.7,-1.1
"2023-03-24 03:00:00 EDT",1679641200,99.58,101.72,NW,31,13,,80,-4.1,-1,-5,,24100,,,5,,,-0.6,-1.6
"2023-03-24 02:00:00 EDT",1679637600,99.54,101.68,WNW,28,8,,78,-4.3,-1,-4,,24100,,,2,,,-0.6,-2.1
"2023-03-24 01:00:00 EDT",1679634000,99.55,101.68,W,27,10,,87,-3.9,-2,-6,,24100,,,1,,,-0.6,-2.1
"2023-03-24 00:00:00 EDT",1679630400,99.5,101.63,WNW,29,13,,79,-4.1,-0.8,-5,,24100,,,1,,,-0.1,-0.9
"2023-03-23 23:00:00 EDT",1679626800,99.5,101.63,WNW,28,13,,78,-4,-0.6,-5,,24100,,,2,,,0.4,-0.6
"2023-03-23 22:00:00 EDT",1679623200,99.44,101.57,WNW,29,13,,76,-3.5,0.3,,,24100,,,2,,,1.2,0.2
"2023-03-23 21:00:00 EDT",1679619600,99.37,101.49,NW,30,21,,70,-3.7,1.2,,,24100,,,1,,,2.1,1.1
"2023-03-23 20:00:00 EDT",1679616000,99.24,101.36,WNW,29,26,,67,-3.3,2.1,,,24100,,,4,,,3.7,2.1
"2023-03-23 19:00:00 EDT",1679612400,99.15,101.27,WNW,29,28,,63,-2.7,3.7,,,24100,,,6,,,4.5,3.7
"2023-03-23 18:00:00 EDT",1679608800,99.05,101.17,WNW,29,29,,64,-1.7,4.5,,,24100,,,8,,,5.3,4.3
"2023-03-23 17:00:00 EDT",1679605200,98.97,101.08,NW,31,28,37,69,0.1,5.4,,,24100,,,8,,,6.3,5.3
"2023-03-23 16:00:00 EDT",1679601600,98.94,101.05,WNW,28,28,,81,2.5,5.6,,,24100,,,8,,,5.7,5.2
"2023-03-23 15:00:00 EDT",1679598000,98.88,100.99,NW,31,16,,100,5.1,5.1,,,19300,,,8,,,8.6,4.6
"2023-03-23 14:00:00 EDT",1679594400,98.94,101.05,N,35,28,39,100,4.6,4.6,,,12900,,,8,,,8.6,4.6
"2023-03-23 13:00:00 EDT",1679590800,98.78,100.88,WNW,29,23,,87,6.5,8.4,,,24100,,,8,,,8.6,7.8
"2023-03-23 12:00:00 EDT",1679587200,98.75,100.85,NW,30,13,,100,7.8,7.8,,,24100,,,8,,,7.8,7.2
"2023-03-23 11:00:00 EDT",1679583600,98.81,100.91,W,26,12,,100,7.2,7.2,,,9700,,,8,,,7.4,7.2
"2023-03-23 10:00:00 EDT",1679580000,98.79,100.89,WNW,30,13,,100,7.3,7.3,,,3200,,,8,,,7.5,6.9
"2023-03-23 09:00:00 EDT",1679576400,98.75,100.85,W,27,3,,100,7.4,7.4,,,2400,,,8,,,7.5,6.7
"2023-03-23 08:00:00 EDT",1679572800,98.81,100.92,,36,1,,100,6.8,6.8,,,2400,,,8,,,6.8,5.9
"2023-03-23 07:00:00 EDT",1679569200,98.85,100.96,SSE,14,4,,100,6,6,,,3200,,,8,,,6,4.7
"2023-03-23 06:00:00 EDT",1679565600,98.97,101.08,,36,3,,100,5.2,5.2,,,1600,,,5,,,5.2,4.6
"2023-03-23 05:00:00 EDT",1679562000,98.94,101.05,SSE,14,9,,100,4.8,4.8,,,1200,,,4,,,4.8,4.6
"2023-03-23 04:00:00 EDT",1679558400,99.06,101.18,SE,14,7,,100,4.6,4.6,,,4800,,,8,,,4.9,4.6
"2023-03-23 03:00:00 EDT",1679554800,99.19,101.31,SE,13,7,,100,4.7,4.7,,,12900,,,8,,,4.9,4.6
"2023-03-23 02:00:00 EDT",1679551200,99.32,101.44,SE,12,5,,100,4.8,4.8,,,16100,,,8,,,4.9,4.7
"2023-03-23 01:00:00 EDT",1679547600,99.38,101.5,SE,14,8,,99,4.7,4.8,,,24100,,,8,,,5.2,4.8
"2023-03-23 00:00:00 EDT",1679544000,99.43,101.55,SE,14,9,,92,3.9,5.2,,,24100,,,8,,,5.8,5.2
"2023-03-22 23:00:00 EDT",1679540400,99.48,101.61,SSE,15,9,,83,3.1,5.8,,,24100,,,8,,,5.9,5.8
"2023-03-22 22:00:00 EDT",1679536800,99.54,101.67,SE,13,6,,80,2.7,5.8,,,24100,,,8,,,5.9,5.5
"2023-03-22 21:00:00 EDT",1679533200,99.6,101.73,SE,13,8,,79,2.2,5.5,,,24100,,,8,,,5.6,5.4
"2023-03-22 20:00:00 EDT",1679529600,99.63,101.76,SE,14,8,,78,1.9,5.4,,,24100,,,8,,,5.4,5.1
"2023-03-22 19:00:00 EDT",1679526000,99.69,101.83,SE,14,9,,76,1.3,5.2,,,24100,,,8,,,5.3,5.1
"2023-03-22 18:00:00 EDT",1679522400,99.7,101.84,ESE,11,9,,76,1.3,5.2,,,24100,,,8,,,5.3,4.9
"2023-03-22 17:00:00 EDT",1679518800,99.75,101.89,E,8,10,,77,1.2,4.9,,,19300,,,8,,,5.5,4.9
"2023-03-22 16:00:00 EDT",1679515200,99.81,101.95,ESE,11,12,,70,0,5.1,,,24100,,,8,,,5.9,5
"2023-03-22 15:00:00 EDT",1679511600,99.91,102.04,SE,13,13,,65,-0.1,5.9,,,24100,,,8,,,6.3,5.4
"2023-03-22 14:00:00 EDT",1679508000,100.01,102.15,ESE,12,12,,66,-0.3,5.5,,,24100,,,8,,,5.9,5.1
"2023-03-22 13:00:00 EDT",1679504400,100.12,102.26,SE,14,9,,72,0.5,5.1,,,24100,,,8,,,5.9,4.8
"2023-03-22 12:00:00 EDT",1679500800,100.19,102.33,SE,12,8,,71,-0.2,4.6,,,24100,,,8,,,4.6,3.6
"2023-03-22 11:00:00 EDT",1679497200,100.26,102.4,E,9,10,,79,0.3,3.6,,,24100,,,8,,,3.6,2.3
"2023-03-22 10:00:00 EDT",1679493600,100.29,102.44,E,8,12,,81,-0.6,2.2,,,24100,,,8,,,2.3,1.9
"2023-03-22 09:00:00 EDT",1679490000,100.35,102.5,E,8,12,,84,-0.4,1.9,,,24100,,,8,,,1.9,1.4
"2023-03-22 08:00:00 EDT",1679486400,100.38,102.53,E,8,10,,86,-0.6,1.4,,,24100,,,7,,,1.4,1
"2023-03-22 07:00:00 EDT",1679482800,100.4,102.54,ENE,7,15,,89,-0.6,1,,,24100,,,3,,,1.4,0.8
"2023-03-22 06:00:00 EDT",1679479200,100.39,102.53,E,8,10,,91,0.1,1.3,,,24100,,,4,,,2.1,1.3
"2023-03-22 05:00:00 EDT",1679475600,100.42,102.56,ENE,6,13,,89,0.5,2.1,,,24100,,,7,,,3.1,2.1
"2023-03-22 04:00:00 EDT",1679472000,100.44,102.58,E,8,9,,68,-2.7,2.6,,,24100,,,6,,,3.5,2.6
"2023-03-22 03:00:00 EDT",1679468400,100.47,102.61,E,7,12,,64,-2.9,3.4,,,24100,,,7,,,3.5,2.9
"2023-03-22 02:00:00 EDT",1679464800,100.5,102.64,ENE,7,9,,62,-3.1,3.5,,,24100,,,6,,,3.6,3.1
"2023-03-22 01:00:00 EDT",1679461200,100.56,102.7,ENE,7,8,,64,-2.8,3.5,,,24100,,,7,,,3.8,3.2
"2023-03-22 00:00:00 EDT",1679457600,100.57,102.71,ENE,5,8,,64,-2.6,3.7,,,24100,,,5,,,4.5,3.5
"2023-03-21 23:00:00 EDT",1679454000,100.57,102.71,E,8,8,,62,-2.1,4.5,,,24100,,,7,,,5.3,4.5
"2023-03-21 22:00:00 EDT",1679450400,100.55,102.69,E,8,6,,59,-1.9,5.4,,,24100,,,8,,,6,5.3
"2023-03-21 21:00:00 EDT",1679446800,100.5,102.64,E,8,8,,58,-1.7,6,,,24100,,,8,,,6.8,6
"2023-03-21 20:00:00 EDT",1679443200,100.49,102.64,ESE,10,8,,53,-2.2,6.7,,,24100,,,8,,,7.8,6.5
"2023-03-21 19:00:00 EDT",1679439600,100.45,102.59,ENE,6,13,,52,-1.3,7.9,,,24100,,,7,,,9,7.9
"2023-03-21 18:00:00 EDT",1679436000,100.43,102.57,WSW,25,3,,43,-3.1,8.9,,,24100,,,8,,,10,8.8
"2023-03-21 17:00:00 EDT",1679432400,100.45,102.59,W,27,9,,42,-3,9.2,,,24100,,,8,,,9.9,8.8
"2023-03-21 16:00:00 EDT",1679428800,100.46,102.6,SSW,20,7,,46,-1.7,9.3,,,24100,,,7,,,9.5,8.5
"2023-03-21 15:00:00 EDT",1679425200,100.46,102.6,WSW,25,14,,48,-1.6,8.7,,,24100,,,7,,,9.4,7.9
"2023-03-21 14:00:00 EDT",1679421600,100.49,102.63,W,28,17,,48,-2.4,8,,,24100,,,8,,,9.3,7.5
"2023-03-21 13:00:00 EDT",1679418000,100.49,102.63,W,28,10,,51,-1.7,7.8,,,24100,,,7,,,8,7
"2023-03-21 12:00:00 EDT",1679414400,100.45,102.59,W,27,7,,48,-2.9,7.3,,,24100,,,6,,,8.4,7
"2023-03-21 11:00:00 EDT",1679410800,100.39,102.53,W,26,14,,51,-2.4,7.1,,,24100,,,4,,,7.1,6
"2023-03-21 10:00:00 EDT",1679407200,100.34,102.48,WSW,25,16,,52,-3.1,6.2,,,24100,,,1,,,6.2,5.2
"2023-03-21 09:00:00 EDT",1679403600,100.27,102.41,WSW,25,13,,58,-2.5,5.2,,,24100,,,1,,,5.2,3
"2023-03-21 08:00:00 EDT",1679400000,100.19,102.33,WSW,24,15,,63,-3.5,2.9,,,24100,,,4,,,3.9,2.6
"2023-03-21 07:00:00 EDT",1679396400,100.12,102.26,WSW,24,12,,60,-3.4,3.5,,,24100,,,8,,,4.2,3.5
"2023-03-21 06:00:00 EDT",1679392800,100.08,102.22,SW,21,15,,58,-3.5,4,,,24100,,,8,,,4,3.7
"2023-03-21 05:00:00 EDT",1679389200,100.03,102.16,SW,22,18,,59,-3.3,3.9,,,24100,,,8,,,4,3.7
"2023-03-21 04:00:00 EDT",1679385600,100.01,102.14,SSW,21,17,,60,-3.1,3.9,,,24100,,,8,,,4.2,3.4
"2023-03-21 03:00:00 EDT",1679382000,100.03,102.16,SW,22,19,30,60,-2.9,4.1,,,24100,,,6,,,4.5,4.1
"2023-03-21 02:00:00 EDT",1679378400,99.99,102.13,SW,22,18,,60,-2.9,4.2,,,24100,,,8,,,4.8,4.1
"2023-03-21 01:00:00 EDT",1679374800,99.92,102.05,SW,22,17,,51,-4.5,4.6,,,24100,,,8,,,5.2,4.6
"2023-03-21 00:00:00 EDT",1679371200,99.91,102.05,SW,22,19,,44,-6.1,5.1,,,24100,,,8,,,5.2,4.7
"2023-03-20 23:00:00 EDT",1679367600,99.91,102.05,SW,22,16,,46,-6.2,4.6,,,24100,,,8,,,4.8,4.4
"2023-03-20 22:00:00 EDT",1679364000,99.9,102.04,SW,21,16,,43,-7,4.6,,,24100,,,8,,,4.7,4.4
"2023-03-20 21:00:00 EDT",1679360400,99.88,102.03,SW,21,17,,41,-7.5,4.6,,,24100,,,7,,,4.7,4
"2023-03-20 20:00:00 EDT",1679356800,99.88,102.03,SW,23,21,,45,-6.8,4,,,24100,,,7,,,4.5,3.8
"2023-03-20 19:00:00 EDT",1679353200,99.83,101.98,SW,22,27,38,46,-6.1,4.4,,,24100,,,7,,,5.4,4.2
"2023-03-20 18:00:00 EDT",1679349600,99.83,101.98,WSW,24,33,50,50,-4.6,5.1,,,24100,,,6,,,7.2,5
"2023-03-20 17:00:00 EDT",1679346000,99.76,101.9,WSW,24,24,38,48,-3,7.2,,,24100,,,5,,,7.2,5.5
"2023-03-20 16:00:00 EDT",1679342400,99.76,101.9,WSW,24,40,49,47,-4.4,6.1,,,24100,,,5,,,6.5,5.7
"2023-03-20 15:00:00 EDT",1679338800,99.78,101.92,WSW,24,36,46,43,-5.5,6.3,,,24100,,,5,,,6.3,5.2
"2023-03-20 14:00:00 EDT",1679335200,99.85,101.99,SW,22,25,45,47,-4.8,5.5,,,24100,,,3,,,5.9,4.5
"2023-03-20 13:00:00 EDT",1679331600,99.89,102.03,WSW,24,25,37,47,-5.6,4.9,,,24100,,,3,,,5.1,3.1
"2023-03-20 12:00:00 EDT",1679328000,99.89,102.04,SW,23,28,37,47,-6.8,3.4,,,24100,,,1,,,3.8,2.3
"2023-03-20 11:00:00 EDT",1679324400,99.94,102.09,WSW,25,25,40,54,-5.8,2.5,,,24100,,,1,,,2.5,0.9
"2023-03-20 10:00:00 EDT",1679320800,99.92,102.07,WSW,25,32,42,57,-6.8,0.8,,,24100,,,1,,,1.1,-0.7
"2023-03-20 09:00:00 EDT",1679317200,99.87,102.03,WSW,24,22,36,63,-6.8,-0.7,-6,,24100,,,1,,,-0.7,-2.2
"2023-03-20 08:00:00 EDT",1679313600,99.84,102,WSW,24,25,,65,-7.8,-2.1,-9,,24100,,,1,,,-2.1,-2.9
"2023-03-20 07:00:00 EDT",1679310000,99.78,101.94,WSW,24,26,,65,-8.3,-2.5,-9,,24100,,,0,,,-2.2,-2.7
"2023-03-20 06:00:00 EDT",1679306400,99.78,101.94,WSW,24,18,29,61,-8.8,-2.2,-8,,24100,,,0,,,-1.8,-2.2
"2023-03-20 05:00:00 EDT",1679302800,99.75,101.91,WSW,24,25,,58,-9.2,-1.9,-8,,24100,,,0,,,-1.9,-2.3
"2023-03-20 04:00:00 EDT",1679299200,99.74,101.9,WSW,24,21,,58,-9.2,-2.1,-8,,24100,,,0,,,-1.6,-2.3
"2023-03-20 03:00:00 EDT",1679295600,99.76,101.92,WSW,24,18,,62,-8.2,-1.9,-7,,24100,,,0,,,-1.4,-1.9
"2023-03-20 02:00:00 EDT",1679292000,99.74,101.9,WSW,24,22,,62,-8,-1.5,-7,,24100,,,0,,,-0.6,-1.5
"2023-03-20 01:00:00 EDT",1679288400,99.7,101.85,WSW,25,31,42,62,-7.3,-0.8,-8,,24100,,,0,,,-0.7,-1
"2023-03-20 00:00:00 EDT",1679284800,99.67,101.83,WSW,24,27,44,67,-6.2,-0.8,-7,,24100,,,0,,,-0.6,-0.9
"2023-03-19 23:00:00 EDT",1679281200,99.64,101.8,WSW,23,33,46,67,-6.1,-0.8,-8,,24100,,,0,,,-0.6,-0.8
"2023-03-19 22:00:00 EDT",1679277600,99.63,101.79,SW,22,32,44,67,-6.1,-0.7,-8,,24100,,,0,,,-0.5,-0.8
"2023-03-19 21:00:00 EDT",1679274000,99.68,101.85,SSW,20,19,,50,-9.6,-0.5,-6,,24100,,,2,,,0,-0.5
"2023-03-19 20:00:00 EDT",1679270400,99.68,101.85,SW,23,23,,49,-9.8,-0.4,-6,,24100,,,2,,,0,-0.7
"2023-03-19 19:00:00 EDT",1679266800,99.67,101.84,WSW,25,22,35,49,-9.6,-0.1,-6,,24100,,,3,,,0,-0.2
"2023-03-19 18:00:00 EDT",1679263200,99.69,101.86,WSW,24,38,47,50,-9.2,-0.1,-7,,24100,,,2,,,0.1,-0.6
"2023-03-19 17:00:00 EDT",1679259600,99.69,101.86,W,27,37,49,52,-8.9,0,-7,,24100,,,5,,,1,-0.9
"2023-03-19 16:00:00 EDT",1679256000,99.66,101.83,W,27,28,42,66,-6.3,-0.8,-7,,24100,,,7,,,0.5,-0.9
"2023-03-19 15:00:00 EDT",1679252400,99.61,101.77,W,26,41,58,57,-8.1,-0.5,-8,,24100,,,7,,,0.3,-0.9
"2023-03-19 14:00:00 EDT",1679248800,99.6,101.76,WNW,28,45,58,51,-9.6,-0.7,-9,,24100,,,7,,,-0.5,-1.3
"2023-03-19 13:00:00 EDT",1679245200,99.56,101.72,W,26,44,54,55,-9,-1.1,-9,,24100,,,7,,,-0.9,-2
"2023-03-19 12:00:00 EDT",1679241600,99.52,101.68,WNW,28,43,53,53,-10.4,-2,-10,,24100,,,7,,,-1.7,-4.1
"2023-03-19 11:00:00 EDT",1679238000,99.5,101.67,W,27,26,,81,-6.6,-3.8,-11,,4800,,,8,,,-3.6,-4.6
"2023-03-19 10:00:00 EDT",1679234400,99.46,101.63,W,26,34,46,67,-9.6,-4.3,-13,,24100,,,5,,,-4.3,-6.7
"2023-03-19 09:00:00 EDT",1679230800,99.41,101.58,WSW,25,21,,69,-11.6,-6.8,-14,,24100,,,2,,,-6.4,-7.6
"2023-03-19 08:00:00 EDT",1679227200,99.35,101.52,W,28,21,,68,-12.5,-7.5,-15,,24100,,,2,,,-7.5,-8.1
"2023-03-19 07:00:00 EDT",1679223600,99.3,101.47,WNW,28,20,32,68,-12.7,-7.8,-15,,24100,,,5,,,-7.3,-8
"2023-03-19 06:00:00 EDT",1679220000,99.23,101.4,W,26,18,,69,-12.6,-7.9,-15,,24100,,,3,,,-7.3,-7.9
"2023-03-19 05:00:00 EDT",1679216400,99.15,101.31,W,27,28,42,64,-13.1,-7.4,-16,,24100,,,5,,,-7.1,-7.4
"2023-03-19 04:00:00 EDT",1679212800,99.09,101.25,W,27,28,45,69,-11.8,-7.1,-15,,24100,,,6,,,-6.9,-7.3
"2023-03-19 03:00:00 EDT",1679209200,99.04,101.2,W,26,30,40,66,-12.5,-7.1,-16,,24100,,,2,,,-6.3,-7.2
"2023-03-19 02:00:00 EDT",1679205600,98.99,101.14,W,26,32,48,69,-11.2,-6.5,-15,,16100,,,6,,,-5.9,-6.6
"2023-03-19 01:00:00 EDT",1679202000,98.91,101.06,WSW,24,30,,93,-7,-6.1,-14,,1200,,,,,,-5.9,-6.2
"2023-03-19 00:00:00 EDT",1679198400,98.93,101.08,SW,23,28,,81,-8.8,-6,-14,,16100,,,7,,,-5.9,-6.6
"2023-03-18 23:00:00 EDT",1679194800,98.95,101.1,WSW,23,24,37,90,-7.4,-6,-13,,2000,,,4,,,-5.4,-6.5
"2023-03-18 22:00:00 EDT",1679191200,98.96,101.11,SW,22,30,,72,-10,-5.8,-14,,9700,,,6,,,-5.4,-6.2
"2023-03-18 21:00:00 EDT",1679187600,98.92,101.07,WSW,24,22,33,56,-13.1,-5.7,-13,,24100,,,6,,,-5.6,-5.8
"2023-03-18 20:00:00 EDT",1679184000,98.88,101.03,WSW,25,28,40,51,-14.3,-5.7,-14,,24100,,,3,,,-4.9,-5.7
"2023-03-18 19:00:00 EDT",1679180400,98.81,100.96,W,25,35,51,43,-15.6,-4.9,-13,,24100,,,4,,,-4,-5
"2023-03-18 18:00:00 EDT",1679176800,98.71,100.85,W,26,47,64,47,-14.6,-4.8,-14,,24100,,,8,,,-3.4,-5
"2023-03-18 17:00:00 EDT",1679173200,98.59,100.73,W,27,34,44,68,-9,-3.9,-12,,16100,,,7,,,-2.1,-4
"2023-03-18 16:00:00 EDT",1679169600,98.54,100.67,W,27,41,53,74,-7.3,-3.3,-12,,9700,,,8,,,-1.5,-3.3
"2023-03-18 15:00:00 EDT",1679166000,98.51,100.64,W,26,36,54,68,-7.4,-2.2,-10,,4800,,,6,,,-0.3,-2.2
"2023-03-18 14:00:00 EDT",1679162400,98.52,100.65,WSW,24,32,44,70,-5.5,-0.6,-7,,24100,,,7,,,0.6,-3
"2023-03-18 13:00:00 EDT",1679158800,98.52,100.64,WSW,25,34,52,62,-6.2,0.1,,,24100,,,7,,,1.2,-1.1
"2023-03-18 12:00:00 EDT",1679155200,98.5,100.62,WSW,25,31,41,57,-7.1,0.6,,,24100,,,5,,,0.6,-1.5
"2023-03-18 11:00:00 EDT",1679151600,98.49,100.62,WSW,23,29,53,73,-5.7,-1.5,-8,,19300,,,8,,,0.4,-1.5
"2023-03-18 10:00:00 EDT",1679148000,98.49,100.61,WSW,24,30,49,55,-7.7,0.3,,,24100,,,7,,,0.4,-0.6
"2023-03-18 09:00:00 EDT",1679144400,98.5,100.62,SW,22,29,47,64,-6.6,-0.5,-7,,24100,,,8,,,-0.4,-0.8
"2023-03-18 08:00:00 EDT",1679140800,98.51,100.63,SSW,19,12,,71,-5.5,-0.9,-5,,24100,,,7,,,-0.9,-2
"2023-03-18 07:00:00 EDT",1679137200,98.56,100.68,WSW,25,11,,87,-3.5,-1.6,-5,,24100,,,7,,,-1,-1.6
"2023-03-18 06:00:00 EDT",1679133600,98.54,100.66,WSW,25,21,,72,-5.5,-1,-7,,19300,,,8,,,-0.6,-1.5
"2023-03-18 05:00:00 EDT",1679130000,98.51,100.63,W,26,15,,66,-7,-1.4,-6,,24100,,,6,,,-0.3,-1.4
"2023-03-18 04:00:00 EDT",1679126400,98.54,100.66,WSW,25,22,,56,-8.1,-0.4,-6,,24100,,,7,,,0,-0.5
"2023-03-18 03:00:00 EDT",1679122800,98.55,100.66,WSW,25,23,,61,-6.6,0.1,,,24100,,,8,,,0.2,0
"2023-03-18 02:00:00 EDT",1679119200,98.55,100.66,WSW,25,24,,63,-6.1,0.2,,,24100,,,8,,,0.3,0.1
"2023-03-18 01:00:00 EDT",1679115600,98.53,100.64,WSW,25,33,44,62,-6.1,0.3,,,24100,,,7,,,0.8,0.3
"2023-03-18 00:00:00 EDT",1679112000,98.53,100.64,W,27,29,46,61,-5.9,0.7,,,24100,,,7,,,1.2,0.7
"2023-03-17 23:00:00 EDT",1679108400,98.44,100.55,W,27,38,,59,-5.9,1.2,,,24100,,,7,,,1.6,1.1
"2023-03-17 22:00:00 EDT",1679104800,98.35,100.46,W,27,34,49,62,-4.8,1.6,,,24100,,,7,,,1.9,1.6
"2023-03-17 21:00:00 EDT",1679101200,98.26,100.37,W,26,25,36,68,-3.6,1.7,,,24100,,,7,,,2.1,1.6
"2023-03-17 20:00:00 EDT",1679097600,98.14,100.24,WNW,28,36,51,66,-3.6,2.1,,,24100,,,7,,,2.5,2.1
"2023-03-17 19:00:00 EDT",1679094000,98,100.1,WNW,29,49,58,65,-3.4,2.5,,,24100,,,8,,,4,2.5
"2023-03-17 18:00:00 EDT",1679090400,97.8,99.89,W,27,32,54,74,-0.1,4.1,,,24100,,,8,,,4.9,4
"2023-03-17 17:00:00 EDT",1679086800,97.61,99.7,W,27,48,60,75,0.8,4.9,,,24100,,,8,,,5.6,4.8
"2023-03-17 16:00:00 EDT",1679083200,97.5,99.59,W,27,44,55,87,3.6,5.6,,,24100,,,8,,,7.6,5.6
"2023-03-17 15:00:00 EDT",1679079600,97.37,99.45,W,27,25,37,95,6.5,7.2,,,16100,,,8,,,8.2,7.2
"2023-03-17 14:00:00 EDT",1679076000,97.33,99.41,SW,22,26,36,100,8.1,8.1,,,9700,,,8,,,8.2,7.7
"2023-03-17 13:00:00 EDT",1679072400,97.3,99.38,SSW,19,19,32,100,7.7,7.7,,,9700,,,8,,,7.8,7.5
"2023-03-17 12:00:00 EDT",1679068800,97.35,99.43,SSW,19,21,36,100,7.5,7.5,,,19300,,,8,,,7.6,6.2
"2023-03-17 11:00:00 EDT",1679065200,97.41,99.49,SSW,19,15,34,100,6.2,6.2,,,9700,,,8,,,6.2,5.4
"2023-03-17 10:00:00 EDT",1679061600,97.5,99.58,S,17,16,,100,5.4,5.4,,,9700,,,8,,,5.4,4.3
"2023-03-17 09:00:00 EDT",1679058000,97.6,99.68,SSE,15,12,,100,4.5,4.5,,,12900,,,8,,,4.6,4.3
"2023-03-17 08:00:00 EDT",1679054400,97.7,99.78,SE,14,12,,100,4.5,4.5,,,19300,,,8,,,4.6,4.2
"2023-03-17 07:00:00 EDT",1679050800,97.81,99.89,SE,14,12,,100,4.3,4.3,,,24100,,,8,,,4.3,4
"2023-03-17 06:00:00 EDT",1679047200,97.9,99.99,SE,13,14,,100,4,4,,,19300,,,8,,,4,3.7
"2023-03-17 05:00:00 EDT",1679043600,98.03,100.12,SE,13,15,,100,3.7,3.7,,,4800,,,8,,,3.9,3.6
"2023-03-17 04:00:00 EDT",1679040000,98.2,100.29,SE,13,19,,100,3.8,3.8,,,9700,,,8,,,3.9,3.6
"2023-03-17 03:00:00 EDT",1679036400,98.36,100.46,SE,13,19,,100,3.6,3.6,,,9700,,,8,,,3.8,3.3
"2023-03-17 02:00:00 EDT",1679032800,98.44,100.54,SE,13,13,,100,3.3,3.3,,,9700,,,8,,,3.5,3.2
"2023-03-17 01:00:00 EDT",1679029200,98.57,100.67,ESE,11,10,,100,3.5,3.5,,,16100,,,8,,,3.9,3.5
"2023-03-17 00:00:00 EDT",1679025600,98.7,100.81,ESE,10,7,,92,2.7,3.9,,,9700,,,8,,,5,3.9
"2023-03-16 23:00:00 EDT",1679022000,98.75,100.86,SE,12,7,,69,-0.4,4.8,,,16100,,,8,,,6.7,4.8
"2023-03-16 22:00:00 EDT",1679018400,98.73,100.84,SSE,15,10,,56,-2.2,5.8,,,24100,,,8,,,6.7,5.8
"2023-03-16 21:00:00 EDT",1679014800,98.76,100.87,SE,14,8,,50,-3,6.7,,,24100,,,8,,,7.7,6.7
"2023-03-16 20:00:00 EDT",1679011200,98.84,100.95,SE,14,7,,44,-4,7.6,,,24100,,,8,,,8.2,7.6
"2023-03-16 19:00:00 EDT",1679007600,98.91,101.02,SSE,16,10,,39,-4.9,8.3,,,24100,,,7,,,8.9,8.3
"2023-03-16 18:00:00 EDT",1679004000,98.94,101.05,SSW,19,18,31,33,-6.4,8.9,,,24100,,,8,,,9.4,8.7
"2023-03-16 17:00:00 EDT",1679000400,99.02,101.13,SSW,20,14,,35,-5.3,9.3,,,24100,,,7,,,9.6,9
"2023-03-16 16:00:00 EDT",1678996800,99.09,101.21,S,18,21,,35,-5.3,9.2,,,24100,,,7,,,9.7,8.7
"2023-03-16 15:00:00 EDT",1678993200,99.15,101.27,SSW,20,13,,38,-4.3,9.2,,,24100,,,7,,,9.3,8.4
"2023-03-16 14:00:00 EDT",1678989600,99.25,101.37,SW,23,18,,38,-4.8,8.8,,,24100,,,6,,,8.8,7.1
"2023-03-16 13:00:00 EDT",1678986000,99.32,101.44,SW,22,17,,43,-4.3,7.3,,,24100,,,7,,,7.4,6.5
"2023-03-16 12:00:00 EDT",1678982400,99.37,101.5,SSW,20,11,,43,-5,6.7,,,24100,,,7,,,6.7,4.7
"2023-03-16 11:00:00 EDT",1678978800,99.44,101.57,SW,23,13,,51,-4.7,4.7,,,24100,,,8,,,4.7,3.6
"2023-03-16 10:00:00 EDT",1678975200,99.46,101.6,WSW,24,15,,57,-4.3,3.5,,,24100,,,6,,,3.6,2.4
"2023-03-16 09:00:00 EDT",1678971600,99.51,101.65,SW,23,12,,59,-4.5,2.8,,,24100,,,7,,,2.9,2.3
"2023-03-16 08:00:00 EDT",1678968000,99.56,101.7,SW,23,10,,59,-4.9,2.3,,,24100,,,7,,,2.7,1.2
"2023-03-16 07:00:00 EDT",1678964400,99.55,101.69,SSW,20,4,,55,-5.8,2.2,,,24100,,,6,,,2.4,1.5
"2023-03-16 06:00:00 EDT",1678960800,99.54,101.67,SW,22,9,,56,-6.1,1.8,,,24100,,,3,,,2.1,1.4
"2023-03-16 05:00:00 EDT",1678957200,99.58,101.71,WSW,24,11,,60,-5.4,1.5,,,24100,,,7,,,1.8,1
"2023-03-16 04:00:00 EDT",1678953600,99.64,101.78,W,25,12,,65,-4.7,1.3,,,24100,,,7,,,1.4,0.3
"2023-03-16 03:00:00 EDT",1678950000,99.68,101.82,SW,21,5,,63,-5.6,0.6,,,24100,,,3,,,1,0.6
"2023-03-16 02:00:00 EDT",1678946400,99.7,101.84,SW,23,11,,64,-5.2,0.8,,,24100,,,7,,,1.4,0.8
"2023-03-16 01:00:00 EDT",1678942800,99.74,101.88,SSW,20,12,,64,-4.6,1.4,,,24100,,,7,,,1.5,1.3
"2023-03-16 00:00:00 EDT",1678939200,99.82,101.97,S,19,10,,62,-5.2,1.4,,,24100,,,8,,,1.6,1.3
"2023-03-15 23:00:00 EDT",1678935600,99.86,102.01,SSW,21,14,,55,-6.5,1.6,,,24100,,,7,,,1.6,0.8
"2023-03-15 22:00:00 EDT",1678932000,99.89,102.05,WSW,25,15,,61,-5.9,0.8,,,24100,,,7,,,1,0
"2023-03-15 21:00:00 EDT",1678928400,99.95,102.11,WNW,29,12,,57,-6.8,0.9,,,24100,,,3,,,1.4,0.7
"2023-03-15 20:00:00 EDT",1678924800,99.92,102.08,WSW,25,18,,56,-6.3,1.6,,,24100,,,7,,,3.2,1.2
"2023-03-15 19:00:00 EDT",1678921200,99.92,102.08,W,26,16,,45,-8.1,2.5,,,24100,,,6,,,3.9,2.5
"2023-03-15 18:00:00 EDT",1678917600,99.93,102.09,WNW,28,20,,33,-11.1,3.9,,,24100,,,1,,,4.5,3.7
"2023-03-15 17:00:00 EDT",1678914000,99.97,102.13,W,28,16,,29,-12.3,4.4,,,24100,,,1,,,4.7,4.3
"2023-03-15 16:00:00 EDT",1678910400,100.01,102.17,NW,32,24,,30,-12,4.3,,,24100,,,1,,,4.6,3.6
"2023-03-15 15:00:00 EDT",1678906800,100.02,102.18,NW,30,17,,31,-12.1,3.7,,,24100,,,1,,,3.8,2.8
"2023-03-15 14:00:00 EDT",1678903200,100.07,102.23,NW,32,18,,35,-11,3,,,24100,,,1,,,3,1.5
"2023-03-15 13:00:00 EDT",1678899600,100.16,102.32,NW,30,15,,38,-11.2,1.6,,,24100,,,1,,,1.6,0.2
"2023-03-15 12:00:00 EDT",1678896000,100.2,102.37,NW,31,17,,46,-9.9,0.3,,,24100,,,0,,,0.3,-1.5
"2023-03-15 11:00:00 EDT",1678892400,100.23,102.4,NNW,34,20,,53,-10,-1.5,-7,,24100,,,1,,,-1.5,-3.2
"2023-03-15 10:00:00 EDT",1678888800,100.23,102.4,NNW,34,27,40,56,-10.9,-3.3,-10,,24100,,,0,,,-3.3,-4.7
"2023-03-15 09:00:00 EDT",1678885200,100.16,102.34,NNW,32,30,41,60,-11.4,-4.8,-13,,24100,,,0,,,-4.8,-5.4
"2023-03-15 08:00:00 EDT",1678881600,100.12,102.3,NNW,32,32,41,60,-12,-5.4,-14,,24100,,,0,,,-5.2,-5.6
"2023-03-15 07:00:00 EDT",1678878000,100.02,102.19,NNW,33,30,41,56,-12.8,-5.3,-13,,24100,,,0,,,-5.1,-5.5
"2023-03-15 06:00:00 EDT",1678874400,99.96,102.13,NNW,33,27,38,57,-12.6,-5.3,-13,,24100,,,0,,,-4.9,-5.4
"2023-03-15 05:00:00 EDT",1678870800,99.91,102.08,NNW,33,22,35,56,-12.6,-5.1,-12,,24100,,,0,,,-4.5,-5.2
"2023-03-15 04:00:00 EDT",1678867200,99.89,102.06,NNW,33,26,,55,-12.4,-4.7,-12,,24100,,,0,,,-4,-4.7
"2023-03-15 03:00:00 EDT",1678863600,99.87,102.03,NNW,34,35,,51,-12.8,-3.9,-12,,24100,,,0,,,-3.4,-4
"2023-03-15 02:00:00 EDT",1678860000,99.85,102.01,NNW,34,34,,50,-12.4,-3.4,-11,,24100,,,0,,,-3.4,-3.9
"2023-03-15 01:00:00 EDT",1678856400,99.82,101.99,NNW,33,28,,62,-9.8,-3.5,-11,,24100,,,0,,,-3.3,-3.8
"2023-03-15 00:00:00 EDT",1678852800,99.81,101.98,NW,31,25,,65,-9.1,-3.5,-10,,24100,,,0,,,-2.8,-3.6
"2023-03-14 23:00:00 EDT",1678849200,99.82,101.99,NW,31,27,,65,-8.7,-3.1,-10,,24100,,,0,,,-2.3,-3.1
"2023-03-14 22:00:00 EDT",1678845600,99.83,102,NW,31,34,,66,-8.3,-2.8,-11,,24100,,,1,,,-2.5,-2.9
"2023-03-14 21:00:00 EDT",1678842000,99.77,101.94,NW,31,38,48,68,-8.1,-2.9,-11,,24100,,,0,,,-2.5,-2.9
"2023-03-14 20:00:00 EDT",1678838400,99.72,101.89,NW,31,41,,67,-8,-2.6,-11,,24100,,,1,,,-2,-2.7
"2023-03-14 19:00:00 EDT",1678834800,99.66,101.82,NNW,32,44,57,66,-7.7,-2.1,-11,,24100,,,3,,,-2.1,-2.7
"2023-03-14 18:00:00 EDT",1678831200,99.58,101.74,NW,32,48,64,69,-7.5,-2.5,-11,,24100,,,5,,,-2.1,-2.7
"2023-03-14 17:00:00 EDT",1678827600,99.51,101.67,NNW,32,46,58,67,-7.7,-2.5,-11,,24100,,,6,,,-1.9,-2.5
"2023-03-14 16:00:00 EDT",1678824000,99.47,101.63,NNW,33,34,52,69,-7.1,-2.2,-10,,24100,,,6,,,-1,-2.4
"2023-03-14 15:00:00 EDT",1678820400,99.42,101.57,NNW,33,35,48,63,-7.4,-1.3,-9,,24100,,,6,,,-1.3,-1.7
"2023-03-14 14:00:00 EDT",1678816800,99.43,101.59,NNW,33,34,48,63,-7.8,-1.6,-9,,24100,,,7,,,-1.4,-2.5
"2023-03-14 13:00:00 EDT",1678813200,99.46,101.62,NNW,33,34,,64,-8.4,-2.5,-10,,24100,,,6,,,-2.3,-3.2
"2023-03-14 12:00:00 EDT",1678809600,99.44,101.6,NNW,32,34,45,66,-8.7,-3.2,-11,,24100,,,6,,,-3.2,-4.5
"2023-03-14 11:00:00 EDT",1678806000,99.42,101.58,NNW,33,34,50,71,-8.9,-4.4,-13,,24100,,,7,,,-4.2,-5
"2023-03-14 10:00:00 EDT",1678802400,99.38,101.54,NNW,34,38,57,73,-9,-4.9,-14,,24100,,,6,,,-4.9,-5.6
"2023-03-14 09:00:00 EDT",1678798800,99.34,101.5,NNW,32,39,53,81,-8.1,-5.4,-15,,16100,,,7,,,-5,-5.6
"2023-03-14 08:00:00 EDT",1678795200,99.33,101.49,NNW,33,40,52,86,-7.1,-5.1,-14,,24100,,,7,,,-4.9,-5.2
"2023-03-14 07:00:00 EDT",1678791600,99.28,101.43,NNW,34,28,53,82,-7.5,-4.9,-13,,24100,,,8,,,-4.6,-5
"2023-03-14 06:00:00 EDT",1678788000,99.21,101.36,NNW,33,31,46,79,-7.7,-4.6,-13,,24100,,,8,,,-4.1,-4.7
"2023-03-14 05:00:00 EDT",1678784400,99.17,101.32,NNW,33,36,50,81,-7,-4.2,-13,,24100,,,7,,,-4.1,-4.2
"2023-03-14 04:00:00 EDT",1678780800,99.15,101.3,NNW,33,42,55,80,-7.1,-4.2,-13,,24100,,,8,,,-3.5,-4.2
"2023-03-14 03:00:00 EDT",1678777200,99.17,101.32,NNW,33,33,45,77,-6.9,-3.5,-11,,24100,,,7,,,-3.2,-3.5
"2023-03-14 02:00:00 EDT",1678773600,99.17,101.32,NNW,33,20,,90,-4.8,-3.4,-10,,24100,,,8,,,-3.2,-3.5
"2023-03-14 01:00:00 EDT",1678770000,99.18,101.33,NNW,32,25,,89,-4.8,-3.2,-10,,24100,,,7,,,-3.2,-3.5
"2023-03-14 00:00:00 EDT",1678766400,99.21,101.36,NW,31,25,,88,-5,-3.2,-10,,24100,,,6,,,-2.8,-3.5
"2023-03-13 23:00:00 EDT",1678762800,99.2,101.35,NNW,33,25,38,82,-5.3,-2.7,-9,,24100,,,7,,,-2.2,-2.7
"2023-03-13 22:00:00 EDT",1678759200,99.23,101.38,NNW,33,22,,82,-5,-2.3,-8,,24100,,,8,,,-1.9,-2.4
"2023-03-13 21:00:00 EDT",1678755600,99.2,101.35,NNW,34,21,34,82,-4.6,-2,-8,,16100,,,8,,,-1.2,-2
"2023-03-13 20:00:00 EDT",1678752000,99.18,101.33,N,35,14,,98,-1.8,-1.5,-6,,4800,,,8,,,-0.5,-1.6
"2023-03-13 19:00:00 EDT",1678748400,99.14,101.29,N,35,18,,93,-2.2,-1.1,-6,,8100,,,8,,,0.2,-1.1
"2023-03-13 18:00:00 EDT",1678744800,99.1,101.24,N,35,19,,93,-1.4,-0.4,-6,,6400,,,8,,,0.2,-0.4
"2023-03-13 17:00:00 EDT",1678741200,99.05,101.19,WNW,30,10,,95,-0.6,0.2,,,4800,,,8,,,0.4,0.1
"2023-03-13 16:00:00 EDT",1678737600,99.03,101.17,WSW,24,7,,98,0,0.3,,,4000,,,8,,,0.7,0.1
"2023-03-13 15:00:00 EDT",1678734000,99.04,101.18,WNW,29,8,,77,-2.9,0.7,,,12900,,,8,,,0.8,0.3
"2023-03-13 14:00:00 EDT",1678730400,99.07,101.21,NW,30,8,,71,-4.2,0.4,,,19300,,,7,,,0.5,-0.2
"2023-03-13 13:00:00 EDT",1678726800,99.1,101.24,NW,31,10,,80,-2.9,0.2,,,16100,,,8,,,0.2,-0.4
"2023-03-13 12:00:00 EDT",1678723200,99.11,101.25,NW,32,12,,79,-3.6,-0.4,-4,,16100,,,8,,,-0.4,-1.4
"2023-03-13 11:00:00 EDT",1678719600,99.12,101.26,WNW,30,12,,82,-3.6,-0.9,-5,,24100,,,8,,,-0.9,-1.6
"2023-03-13 10:00:00 EDT",1678716000,99.12,101.26,NW,31,14,,92,-2.8,-1.6,-6,,24100,,,8,,,-1.6,-2.2
"2023-03-13 09:00:00 EDT",1678712400,99.12,101.27,NW,31,13,,96,-2.7,-2.2,-7,,24100,,,7,,,-2.2,-2.9
"2023-03-13 08:00:00 EDT",1678708800,99.09,101.24,NNW,33,11,,99,-2.6,-2.5,-7,,16100,,,8,,,-2.5,-2.7
"2023-03-13 07:00:00 EDT",1678705200,99.06,101.2,NNW,33,16,,100,-2.7,-2.6,-8,,9700,,,8,,,-2.4,-2.6
"2023-03-13 06:00:00 EDT",1678701600,99.05,101.19,NNW,34,13,,100,-2.5,-2.5,-7,,16100,,,8,,,-2.4,-2.6
"2023-03-13 05:00:00 EDT",1678698000,99.05,101.19,NNW,33,15,,100,-2.5,-2.5,-7,,16100,,,8,,,-2.2,-2.5
"2023-03-13 04:00:00 EDT",1678694400,99.04,101.18,NNW,33,16,,100,-2.2,-2.2,-7,,9700,,,8,,,-2,-2.2
"2023-03-13 03:00:00 EDT",1678690800,99.08,101.22,N,35,15,,100,-2.1,-2.1,-7,,6400,,,8,,,-1.9,-2.1
"2023-03-13 02:00:00 EDT",1678687200,99.1,101.24,N,35,16,,100,-2,-2,-7,,4800,,,8,,,-1.8,-2
"2023-03-13 01:00:00 EDT",1678683600,99.15,101.3,NNW,34,12,,100,-2,-2,-6,,4000,,,7,,,-1.7,-2
"2023-03-13 00:00:00 EDT",1678680000,99.18,101.33,N,0,12,,100,-1.8,-1.8,-6,,4000,,,8,,,-1.5,-1.9
"2023-03-12 23:00:00 EDT",1678676400,99.22,101.37,N,0,12,,100,-1.5,-1.5,-6,,4000,,,7,,,-1.5,-1.6
"2023-03-12 22:00:00 EDT",1678672800,99.24,101.39,NNE,3,9,,100,-1.5,-1.5,-5,,4800,,,8,,,-1.3,-1.6
"2023-03-12 21:00:00 EDT",1678669200,99.27,101.42,ENE,6,8,,100,-1.3,-1.3,-4,,4000,,,6,,,-1.3,-1.4
"2023-03-12 20:00:00 EDT",1678665600,99.31,101.46,E,7,9,,100,-1.3,-1.3,-5,,4800,,,8,,,-1,-1.3
"2023-03-12 19:00:00 EDT",1678662000,99.29,101.44,E,9,9,,100,-1.1,-1.1,-4,,4800,,,8,,,-0.8,-1.2
"2023-03-12 18:00:00 EDT",1678658400,99.27,101.42,ESE,12,9,,88,-2.5,-0.8,-4,,3200,,,4,,,-0.2,-0.8
"2023-03-12 17:00:00 EDT",1678654800,99.28,101.43,E,9,13,,66,-5.7,-0.2,-4,,24100,,,8,,,-0.2,-0.5
"2023-03-12 16:00:00 EDT",1678651200,99.32,101.47,ESE,11,12,,68,-5.6,-0.4,-4,,24100,,,8,,,-0.3,-0.7
"2023-03-12 15:00:00 EDT",1678647600,99.36,101.52,ESE,11,15,,68,-5.7,-0.6,-5,,24100,,,8,,,-0.4,-0.6
"2023-03-12 14:00:00 EDT",1678644000,99.42,101.58,E,9,13,,70,-5.5,-0.6,-5,,24100,,,8,,,-0.6,-1.2
"2023-03-12 13:00:00 EDT",1678640400,99.45,101.61,ENE,7,13,,77,-4.7,-1.2,-5,,24100,,,8,,,-1.2,-1.8
"2023-03-12 12:00:00 EDT",1678636800,99.53,101.69,ENE,7,12,,76,-5.4,-1.7,-6,,24100,,,8,,,-1.7,-2.5
"2023-03-12 11:00:00 EDT",1678633200,99.62,101.78,NNW,34,4,,70,-7.3,-2.6,-4,,19300,,,8,,,-2.6,-3.2
"2023-03-12 10:00:00 EDT",1678629600,99.68,101.85,NNE,1,5,,72,-7.6,-3.2,-5,,24100,,,8,,,-3.2,-4.3
"2023-03-12 09:00:00 EDT",1678626000,99.67,101.84,NNE,2,5,,76,-7.8,-4.3,-6,,24100,,,8,,,-4.2,-4.6
"2023-03-12 08:00:00 EDT",1678622400,99.67,101.83,N,0,7,,76,-8.2,-4.5,-8,,24100,,,8,,,-4.4,-4.8
"2023-03-12 07:00:00 EDT",1678618800,99.65,101.81,N,35,6,,77,-8.2,-4.8,-8,,24100,,,8,,,-4.8,-5
"2023-03-12 06:00:00 EDT",1678615200,99.66,101.82,N,35,9,,79,-8.1,-5,-9,,24100,,,8,,,-4.9,-5.3
"2023-03-12 05:00:00 EDT",1678611600,99.7,101.86,N,0,4,,78,-8.6,-5.3,-7,,24100,,,8,,,-5,-5.3
"2023-03-12 04:00:00 EDT",1678608000,99.69,101.85,NNW,33,13,,76,-8.8,-5.2,-10,,24100,,,8,,,-5.1,-5.4
"2023-03-12 03:00:00 EDT",1678604400,99.71,101.87,N,0,11,,77,-8.7,-5.2,-10,,24100,,,8,,,-5.2,-5.5
"2023-03-12 01:00:00 EST",1678600800,99.75,101.92,N,0,13,,78,-8.7,-5.5,-11,,24100,,,8,,,-5,-5.5
"2023-03-12 00:00:00 EST",1678597200,99.81,101.98,N,35,12,,75,-8.7,-5,-10,,24100,,,8,,,-4.5,-5.1
"2023-03-11 23:00:00 EST",1678593600,99.84,102.01,N,35,13,,73,-8.7,-4.5,-10,,24100,,,7,,,-3.9,-4.5
"2023-03-11 22:00:00 EST",1678590000,99.8,101.97,N,35,12,,69,-9,-4.2,-9,,24100,,,5,,,-3.9,-4.7
"2023-03-11 21:00:00 EST",1678586400,99.82,101.99,NNE,2,13,,70,-8.8,-4.1,-9,,24100,,,1,,,-2.9,-4.1
"2023-03-11 20:00:00 EST",1678582800,99.84,102.01,N,1,15,,65,-8.5,-2.8,-8,,24100,,,6,,,-2.1,-2.8
"2023-03-11 19:00:00 EST",1678579200,99.76,101.92,N,35,16,,62,-8.4,-2.2,-7,,24100,,,7,,,-1.8,-2.3
"2023-03-11 18:00:00 EST",1678575600,99.71,101.9,,35,10,,59,-8.8,-1.7,-5,,24100,,,3,,,-1.2,-1.9
"2023-03-11 17:00:00 EST",1678572000,99.63,101.79,N,35,13,,60,-8,-1.2,-5,,24100,,,1,,,-0.9,-1.5
"2023-03-11 16:00:00 EST",1678568400,99.64,101.8,N,1,5,,58,-8.5,-1.2,-3,,24100,,,7,,,-0.6,-1.2
"2023-03-11 15:00:00 EST",1678564800,99.62,101.78,NW,31,10,,60,-7.9,-1.1,-5,,24100,,,7,,,-0.8,-1.2
"2023-03-11 14:00:00 EST",1678561200,99.62,101.78,NW,31,10,,60,-7.8,-0.9,-4,,24100,,,8,,,-0.8,-1.3
"2023-03-11 13:00:00 EST",1678557600,99.67,101.83,NW,32,17,,65,-6.9,-1.1,-6,,24100,,,8,,,-1,-1.4
"2023-03-11 12:00:00 EST",1678554000,99.69,101.85,N,0,15,,65,-7,-1.3,-6,,24100,,,8,,,-1.3,-1.6
"2023-03-11 11:00:00 EST",1678550400,99.69,101.85,NNW,33,20,,67,-7,-1.7,-7,,24100,,,7,,,-1.4,-2
"2023-03-11 10:00:00 EST",1678546800,99.67,101.83,NNW,32,19,,67,-7.2,-1.9,-7,,24100,,,6,,,-1.9,-2.8
"2023-03-11 09:00:00 EST",1678543200,99.63,101.79,N,34,19,,69,-7.7,-2.8,-9,,24100,,,3,,,-2.8,-3.5
"2023-03-11 08:00:00 EST",1678539600,99.55,101.71,N,35,23,,71,-8.1,-3.5,-10,,24100,,,7,,,-3.5,-3.8
"2023-03-11 07:00:00 EST",1678536000,99.5,101.66,NNW,33,25,,71,-8,-3.5,-10,,24100,,,7,,,-3.2,-3.5
"2023-03-11 06:00:00 EST",1678532400,99.43,101.59,N,35,22,,73,-7.5,-3.3,-10,,24100,,,7,,,-2.9,-3.3
"2023-03-11 05:00:00 EST",1678528800,99.38,101.53,N,35,19,29,73,-7.2,-3,-9,,24100,,,7,,,-2.9,-3.2
"2023-03-11 04:00:00 EST",1678525200,99.31,101.46,N,35,25,,71,-7.5,-2.9,-10,,24100,,,7,,,-2.3,-3
"2023-03-11 03:00:00 EST",1678521600,99.27,101.42,N,35,25,,72,-6.7,-2.3,-9,,24100,,,7,,,-2.1,-2.5
"2023-03-11 02:00:00 EST",1678518000,99.26,101.41,NNW,34,23,,93,-3.4,-2.4,-9,,6400,,,6,,,-1.9,-2.4
"2023-03-11 01:00:00 EST",1678514400,99.22,101.37,NNW,34,19,,83,-4.5,-2,-8,,24100,,,7,,,-1.9,-2.2
"2023-03-11 00:00:00 EST",1678510800,99.19,101.34,NNW,34,20,,93,-3,-2,-8,,24100,,,7,,,-1.9,-2.2
"2023-03-10 23:00:00 EST",1678507200,99.15,101.3,NNW,34,19,,98,-2.5,-2.2,-8,,24100,,,7,,,-2.2,-2.3
"2023-03-10 22:00:00 EST",1678503600,99.12,101.26,N,34,27,,90,-3.6,-2.2,-9,,24100,,,7,,,-2.1,-2.4
"2023-03-10 21:00:00 EST",1678500000,99.09,101.23,N,0,26,39,87,-4.1,-2.2,-9,,16100,,,7,,,-2.2,-2.3
"2023-03-10 20:00:00 EST",1678496400,99.05,101.19,N,1,36,,90,-3.7,-2.2,-10,,4800,,,8,,,-2.2,-2.5
"2023-03-10 19:00:00 EST",1678492800,99.03,101.17,N,0,30,,100,-2.5,-2.5,-10,,2000,,,1,,,-2.3,-2.5
"2023-03-10 18:00:00 EST",1678489200,98.98,101.12,N,0,37,47,100,-2.4,-2.4,-10,,1200,,,,,,-1.6,-2.4
"2023-03-10 17:00:00 EST",1678485600,98.91,101.05,NNE,1,36,,100,-2,-2,-10,,1200,,,,,,-1.6,-2
"2023-03-10 16:00:00 EST",1678482000,98.91,101.05,NNE,1,29,39,100,-1.8,-1.8,-9,,1200,,,,,,-1.4,-1.8
"2023-03-10 15:00:00 EST",1678478400,98.93,101.07,NE,4,22,,100,-1.5,-1.5,-7,,800,,,,,,-1.5,-1.8
"2023-03-10 14:00:00 EST",1678474800,98.99,101.13,NE,4,19,,100,-1.6,-1.6,-7,,1600,,,,,,-1.5,-1.8
"2023-03-10 13:00:00 EST",1678471200,99.07,101.22,NE,5,27,37,99,-1.9,-1.8,-8,,2400,,,2,,,-1.6,-1.9
"2023-03-10 12:00:00 EST",1678467600,99.22,101.37,ENE,5,23,,100,-1.8,-1.8,-8,,800,,,,,,-1.1,-1.9
"2023-03-10 11:00:00 EST",1678464000,99.36,101.51,ENE,6,17,35,100,-1.8,-1.8,-7,,600,,,,,,-0.2,-1.9
"2023-03-10 10:00:00 EST",1678460400,99.46,101.61,E,8,24,38,76,-4.4,-0.7,-7,,3200,,,4,,,-0.2,-0.7
"2023-03-10 09:00:00 EST",1678456800,99.53,101.68,E,8,26,36,70,-5.1,-0.2,-6,,24100,,,8,,,0,-0.2
"2023-03-10 08:00:00 EST",1678453200,99.62,101.77,ENE,7,17,27,74,-4.2,-0.1,-5,,24100,,,8,,,-0.1,-0.4
"2023-03-10 07:00:00 EST",1678449600,99.74,101.89,ENE,5,16,,91,-1.6,-0.4,-5,,24100,,,8,,,-0.3,-0.4
"2023-03-10 06:00:00 EST",1678446000,99.83,101.98,NE,5,11,,91,-1.7,-0.3,-4,,24100,,,8,,,-0.3,-0.7
"2023-03-10 05:00:00 EST",1678442400,99.86,102.01,NE,5,12,,79,-3.6,-0.4,-4,,24100,,,8,,,-0.3,-0.7
"2023-03-10 04:00:00 EST",1678438800,99.94,102.09,NE,5,12,,73,-4.7,-0.5,-4,,24100,,,8,,,-0.5,-1.3
"2023-03-10 03:00:00 EST",1678435200,100.03,102.18,NE,3,7,,78,-4.5,-1.2,-4,,24100,,,8,,,-1.1,-2
"2023-03-10 02:00:00 EST",1678431600,100.08,102.24,NNE,2,10,,91,-3.2,-1.9,-6,,24100,,,8,,,-1.8,-2
"2023-03-10 01:00:00 EST",1678428000,100.16,102.32,N,35,9,,84,-4.3,-1.9,-5,,24100,,,8,,,-1.6,-2.5
"2023-03-10 00:00:00 EST",1678424400,100.19,102.35,NW,32,11,,88,-4.1,-2.4,-6,,24100,,,8,,,-1.8,-2.7
"2023-03-09 23:00:00 EST",1678420800,100.24,102.41,N,35,8,,85,-4.3,-2.1,-5,,24100,,,8,,,-1.7,-2.2
"2023-03-09 22:00:00 EST",1678417200,100.32,102.49,N,34,12,,79,-5,-1.8,-6,,24100,,,8,,,-1.3,-1.9
"2023-03-09 21:00:00 EST",1678413600,100.4,102.57,N,35,17,,75,-5.3,-1.3,-6,,24100,,,0,,,-0.8,-1.5
"2023-03-09 20:00:00 EST",1678410000,100.48,102.65,N,35,20,,70,-5.4,-0.7,-6,,24100,,,0,,,0.9,-0.7
"2023-03-09 19:00:00 EST",1678406400,100.52,102.69,N,36,23,,66,-5.2,0.3,,,24100,,,1,,,1.3,0.3
"2023-03-09 18:00:00 EST",1678402800,100.55,102.72,N,34,19,,62,-5.2,1.2,,,24100,,,1,,,2.2,1.2
"2023-03-09 17:00:00 EST",1678399200,100.6,102.77,NW,31,21,,62,-4.7,1.9,,,24100,,,1,,,2.5,1.9
"2023-03-09 16:00:00 EST",1678395600,100.6,102.77,NW,31,22,,59,-4.7,2.4,,,24100,,,1,,,2.8,2.3
"2023-03-09 15:00:00 EST",1678392000,100.56,102.73,NE,3,8,,55,-5.8,2.3,,,24100,,,1,,,2.5,1.8
"2023-03-09 14:00:00 EST",1678388400,100.63,102.8,NE,3,17,,58,-5.6,1.9,,,24100,,,2,,,2,1.2
"2023-03-09 13:00:00 EST",1678384800,100.68,102.85,N,36,20,,60,-5.7,1.3,,,24100,,,2,,,1.4,0.6
"2023-03-09 12:00:00 EST",1678381200,100.75,102.92,NNE,1,18,,59,-6.5,0.5,,,24100,,,2,,,0.6,-0.5
"2023-03-09 11:00:00 EST",1678377600,100.77,102.95,N,35,21,34,59,-7.6,-0.6,-6,,24100,,,1,,,-0.4,-1.4
"2023-03-09 10:00:00 EST",1678374000,100.76,102.94,N,35,22,32,61,-7.8,-1.3,-7,,24100,,,1,,,-1.3,-2.2
"2023-03-09 09:00:00 EST",1678370400,100.78,102.96,NNW,34,17,27,63,-8.3,-2.1,-7,,24100,,,1,,,-2.1,-3.1
"2023-03-09 08:00:00 EST",1678366800,100.79,102.97,N,0,23,33,66,-8.6,-3.1,-10,,24100,,,1,,,-3.1,-3.6
"2023-03-09 07:00:00 EST",1678363200,100.8,102.98,N,35,19,,68,-8.7,-3.5,-9,,24100,,,1,,,-3.2,-3.8
"2023-03-09 06:00:00 EST",1678359600,100.77,102.95,N,35,19,,69,-8.6,-3.6,-10,,24100,,,0,,,-3.1,-3.7
"2023-03-09 05:00:00 EST",1678356000,100.77,102.95,N,35,23,,66,-8.4,-3,-9,,24100,,,0,,,-2.8,-3.4
"2023-03-09 04:00:00 EST",1678352400,100.81,102.99,N,35,26,,65,-8.5,-2.8,-10,,24100,,,0,,,-2.6,-3
